-- MySQL dump 10.13  Distrib 5.6.15, for osx10.7 (x86_64)
--
-- Host: localhost    Database: burucps
-- ------------------------------------------------------
-- Server version	5.6.15

/*!40101 SET @OLD_CHARACTER_SET_CLIENT=@@CHARACTER_SET_CLIENT */;
/*!40101 SET @OLD_CHARACTER_SET_RESULTS=@@CHARACTER_SET_RESULTS */;
/*!40101 SET @OLD_COLLATION_CONNECTION=@@COLLATION_CONNECTION */;
/*!40101 SET NAMES utf8 */;
/*!40103 SET @OLD_TIME_ZONE=@@TIME_ZONE */;
/*!40103 SET TIME_ZONE='+00:00' */;
/*!40014 SET @OLD_UNIQUE_CHECKS=@@UNIQUE_CHECKS, UNIQUE_CHECKS=0 */;
/*!40014 SET @OLD_FOREIGN_KEY_CHECKS=@@FOREIGN_KEY_CHECKS, FOREIGN_KEY_CHECKS=0 */;
/*!40101 SET @OLD_SQL_MODE=@@SQL_MODE, SQL_MODE='NO_AUTO_VALUE_ON_ZERO' */;
/*!40111 SET @OLD_SQL_NOTES=@@SQL_NOTES, SQL_NOTES=0 */;

--
-- Table structure for table `party`
--

DROP TABLE IF EXISTS `party`;
/*!40101 SET @saved_cs_client     = @@character_set_client */;
/*!40101 SET character_set_client = utf8 */;
CREATE TABLE `party` (
  `id` bigint(20) NOT NULL AUTO_INCREMENT,
  `version` bigint(20) NOT NULL,
  `created_by` varchar(255) DEFAULT NULL,
  `creation_date` datetime DEFAULT NULL,
  `email` varchar(255) DEFAULT NULL,
  `last_update_by` varchar(255) DEFAULT NULL,
  `last_update_date` datetime DEFAULT NULL,
  `name` varchar(255) NOT NULL,
  `uid` varchar(255) DEFAULT NULL,
  `class` varchar(255) NOT NULL,
  `bu_id` bigint(20) DEFAULT NULL,
  `dofbeg` datetime DEFAULT NULL,
  `basic` int(11) DEFAULT NULL,
  `dofbirth` datetime DEFAULT NULL,
  `dofingreso` datetime DEFAULT NULL,
  `fullname` varchar(255) DEFAULT NULL,
  `iscoordinator` bit(1) DEFAULT NULL,
  `isworker` bit(1) DEFAULT NULL,
  `lastname` varchar(255) DEFAULT NULL,
  `legajo` varchar(255) DEFAULT NULL,
  `names` varchar(255) DEFAULT NULL,
  `statement_rules_id` bigint(20) DEFAULT NULL,
  PRIMARY KEY (`id`),
  UNIQUE KEY `emp_name_idx` (`name`,`bu_id`),
  KEY `FK6581AE6B1060859` (`bu_id`),
  KEY `FK6581AE6F2B2268` (`statement_rules_id`),
  KEY `NameParty_Idx` (`name`),
  KEY `name_idx` (`name`),
  CONSTRAINT `FK6581AE6F2B2268` FOREIGN KEY (`statement_rules_id`) REFERENCES `rule_set` (`id`),
  CONSTRAINT `FK6581AE6B1060859` FOREIGN KEY (`bu_id`) REFERENCES `bussines_unit` (`id`)
) ENGINE=InnoDB AUTO_INCREMENT=300 DEFAULT CHARSET=latin1;
/*!40101 SET character_set_client = @saved_cs_client */;

--
-- Dumping data for table `party`
--

LOCK TABLES `party` WRITE;
/*!40000 ALTER TABLE `party` DISABLE KEYS */;
INSERT INTO `party` VALUES (1,1,NULL,'2014-08-10 12:41:26',NULL,NULL,'2014-08-12 00:00:04','CATALANO DIEGO','20-20468785-5','ar.com.burudos.party.Employee',18,NULL,0,NULL,'2004-05-03 00:00:00','CATALANO, DIEGO RAMIRO','\0','','CATALANO','12','DIEGO',1),(2,1,NULL,'2014-08-10 12:41:26',NULL,NULL,'2014-08-12 00:00:14','PREZIO JOSE','20-12438666-8','ar.com.burudos.party.Employee',18,NULL,0,NULL,'2009-04-16 00:00:00','PREZIO, JOSE MARIA','\0','','PREZIO','51','JOSE',1),(3,1,NULL,'2014-08-10 12:41:26',NULL,NULL,'2014-08-12 00:00:25','UMANSKY ESTEBAN','20-14038414-4','ar.com.burudos.party.Employee',20,NULL,0,NULL,'2005-12-01 00:00:00','UMANSKY, ESTEBAN','\0','','UMANSKY','64','ESTEBAN',1),(4,0,NULL,'2014-08-10 12:41:26',NULL,NULL,'2014-08-10 12:41:26','SILVERO VIVIANA','27-30959155-6','ar.com.burudos.party.Employee',28,NULL,0,NULL,'2007-06-05 00:00:00','SILVERO, VIVIANA','\0','','SILVERO','123','VIVIANA',NULL),(5,2,NULL,'2014-08-10 12:41:26',NULL,NULL,'2014-08-12 00:00:44','SANDOVAL DUBARRY MATIAS','20-30652509-4','ar.com.burudos.party.Employee',19,NULL,0,NULL,'2008-05-16 00:00:00','SANDOVAL DUBARRY, MATIAS H.','\0','','SANDOVAL DUBARRY','137','MATIAS',1),(6,1,NULL,'2014-08-10 12:41:26',NULL,NULL,'2014-08-12 00:01:08','MARTINEZ MIGUEL','20-14297825-4','ar.com.burudos.party.Employee',39,NULL,0,NULL,'2010-09-27 00:00:00','MARTINEZ, MIGUEL ANGEL','\0','','MARTINEZ','146','MIGUEL',2),(7,1,NULL,'2014-08-10 12:41:26',NULL,NULL,'2014-08-12 00:01:30','CALABRO LEONARDO','20-14871875-0','ar.com.burudos.party.Employee',28,NULL,0,NULL,'2009-10-01 00:00:00','CALABRO, LEONARDO FABIO','\0','','CALABRO','160','LEONARDO',2),(8,1,NULL,'2014-08-10 12:41:26',NULL,NULL,'2014-08-12 00:01:48','GONZALEZ MAURICIO','20-25053015-4','ar.com.burudos.party.Employee',32,NULL,0,NULL,'2009-10-02 00:00:00','GONZALEZ, MAURICIO ALEXI','\0','','GONZALEZ','163','MAURICIO',3),(9,1,NULL,'2014-08-10 12:41:26',NULL,NULL,'2014-08-12 00:02:32','PEZOA FERNANDO','20-20454113-3','ar.com.burudos.party.Employee',26,NULL,0,NULL,'2009-10-02 00:00:00','PEZOA, FERNANDO OSCAR','\0','','PEZOA','164','FERNANDO',1),(10,1,NULL,'2014-08-10 12:41:26',NULL,NULL,'2014-08-12 00:02:46','TALAVERA LUCAS','20-30592610-9','ar.com.burudos.party.Employee',31,NULL,0,NULL,'2009-10-02 00:00:00','TALAVERA, LUCAS MATIAS','\0','','TALAVERA','168','LUCAS',3),(11,1,NULL,'2014-08-10 12:41:26',NULL,NULL,'2014-08-12 00:03:06','FERNANDEZ JUAN','20-10691981-0','ar.com.burudos.party.Employee',13,NULL,0,NULL,'2009-11-01 00:00:00','FERNANDEZ , JUAN RAMON','\0','','FERNANDEZ ','174','JUAN',1),(12,1,NULL,'2014-08-10 12:41:26',NULL,NULL,'2014-08-12 00:03:27','GUZMAN ENRIQUE','20-32501532-3','ar.com.burudos.party.Employee',22,NULL,0,NULL,'2010-01-01 00:00:00','GUZMAN, ENRIQUE ANTONIO','\0','','GUZMAN','176','ENRIQUE',1),(13,1,NULL,'2014-08-10 12:41:26',NULL,NULL,'2014-08-12 00:03:38','BURON ESTEBAN','20-28949098-2','ar.com.burudos.party.Employee',15,NULL,0,NULL,'2010-05-11 00:00:00','BURON, ESTEBAN HORACIO','\0','','BURON','182','ESTEBAN',1),(14,1,NULL,'2014-08-10 12:41:26',NULL,NULL,'2014-08-12 00:03:56','VELINO CARLOS','20-25452330-6','ar.com.burudos.party.Employee',12,NULL,0,NULL,'2011-07-01 00:00:00','VELINO, CARLOS ARIEL','\0','','VELINO','191','CARLOS',1),(15,1,NULL,'2014-08-10 12:41:27',NULL,NULL,'2014-08-12 00:04:14','VERON LUCAS','20-31676105-5','ar.com.burudos.party.Employee',33,NULL,0,NULL,'2011-07-13 00:00:00','VERON, LUCAS ARIEL','\0','','VERON','194','LUCAS',3),(16,2,NULL,'2014-08-10 12:41:27',NULL,NULL,'2014-08-12 00:04:31','GUASCHINO M. FERNANDA','27-32900931-4','ar.com.burudos.party.Employee',23,NULL,0,NULL,'2011-12-01 00:00:00','GUASCHINO, MARIA FERNANDA','\0','','GUASCHINO','200','MARIA',1),(17,1,NULL,'2014-08-10 12:41:27',NULL,NULL,'2014-08-12 00:04:44','ALTAMIRANDA DANIEL','23-38063038-9','ar.com.burudos.party.Employee',22,NULL,0,NULL,'2011-12-26 00:00:00','ALTAMIRANDA, DANIEL','\0','','ALTAMIRANDA','203','DANIEL',1),(18,1,NULL,'2014-08-10 12:41:27',NULL,NULL,'2014-08-12 00:05:04','TELLO SYLVIA','27-10762689-7','ar.com.burudos.party.Employee',39,NULL,0,NULL,'2012-01-02 00:00:00','TELLO, SYLVIA DEL CARMEN','\0','','TELLO','205','SYLVIA',2),(19,1,NULL,'2014-08-10 12:41:27',NULL,NULL,'2014-08-12 00:05:26','ALAMINO PAMELA','27-38110653-0','ar.com.burudos.party.Employee',26,NULL,0,NULL,'2012-07-02 00:00:00','ALAMINO, PAMELA SOL','\0','','ALAMINO','207','PAMELA',1),(20,1,NULL,'2014-08-10 12:41:27',NULL,NULL,'2014-08-12 00:05:37','SERABIAN ARIEL','23-23656898-9','ar.com.burudos.party.Employee',17,NULL,0,NULL,'2012-07-06 00:00:00','SERABIAN, ARIEL BALTASAR','\0','','SERABIAN','209','ARIEL',1),(21,1,NULL,'2014-08-10 12:41:27',NULL,NULL,'2014-08-12 00:05:45','MOLLA ALEJANDRO','20-31444113-4','ar.com.burudos.party.Employee',15,NULL,0,NULL,'2012-09-10 00:00:00','MOLLA, ALEJANDRO JAVIER','\0','','MOLLA','213','ALEJANDRO',1),(22,1,NULL,'2014-08-10 12:41:27',NULL,NULL,'2014-08-12 00:05:56','VON FEHLEISEN RICARDO','20-10897779-6','ar.com.burudos.party.Employee',19,NULL,0,NULL,'2012-09-01 00:00:00','VON FEHLEISEN, RICARDO CESAR','\0','','VON FEHLEISEN','215','RICARDO',1),(23,1,NULL,'2014-08-10 12:41:27',NULL,NULL,'2014-08-12 00:06:09','PAGANI VANESA','27-32290406-7','ar.com.burudos.party.Employee',23,NULL,0,NULL,'2012-10-09 00:00:00','PAGANI, VANESA SILVANA','\0','','PAGANI','222','VANESA',1),(24,1,NULL,'2014-08-10 12:41:27',NULL,NULL,'2014-08-12 00:06:19','REY ROXANA','27-29394944-7','ar.com.burudos.party.Employee',31,NULL,0,NULL,'2013-02-06 00:00:00','REY , ROXANA PATRICIA','\0','','REY ','226','ROXANA',3),(25,2,NULL,'2014-08-10 12:41:27',NULL,NULL,'2014-08-12 00:06:34','VILA CAROLINA','27-27535436-3','ar.com.burudos.party.Employee',31,NULL,0,NULL,'2013-02-06 00:00:00','VILA , CAROLINA MAGALI','\0','','VILA ','227','CAROLINA',3),(26,1,NULL,'2014-08-10 12:41:27',NULL,NULL,'2014-08-12 00:06:49','MIJANGOS JORGE','20-27996910-4','ar.com.burudos.party.Employee',29,NULL,0,NULL,'2013-02-06 00:00:00','MIJANGOS , JORGE','\0','','MIJANGOS ','229','JORGE',2),(27,1,NULL,'2014-08-10 12:41:27',NULL,NULL,'2014-08-12 00:07:10','PEREIRA WALTER','20-30959442-9','ar.com.burudos.party.Employee',29,NULL,0,NULL,'2013-02-06 00:00:00','PEREIRA, WALTER DANIEL','\0','','PEREIRA','230','WALTER',2),(28,1,NULL,'2014-08-10 12:41:27',NULL,NULL,'2014-08-12 00:07:19','GONZALEZ ROBERTO','20-21659723-1','ar.com.burudos.party.Employee',34,NULL,0,NULL,'2013-03-01 00:00:00','GONZALEZ , ROBERTO DANIEL','\0','','GONZALEZ ','231','ROBERTO',2),(29,1,NULL,'2014-08-10 12:41:27',NULL,NULL,'2014-08-12 00:07:34','DIAZ FLORENCIA','27-37127252-1','ar.com.burudos.party.Employee',24,NULL,0,NULL,'2013-08-01 00:00:00','DIAZ , FLORENCIA IVON','\0','','DIAZ ','236','FLORENCIA',1),(30,0,NULL,'2014-08-10 12:41:27',NULL,NULL,'2014-08-10 12:41:27','ALAMOS CRISTIAN','20-36032016-3','ar.com.burudos.party.Employee',36,NULL,0,NULL,'2013-08-12 00:00:00','ALAMOS, CRISTIAN RUBEN','\0','','ALAMOS','237','CRISTIAN',NULL),(31,1,NULL,'2014-08-10 12:41:27',NULL,NULL,'2014-08-11 00:52:48','LIMA DANIEL','20-30157627-8','ar.com.burudos.party.Employee',36,NULL,0,NULL,'2013-08-12 00:00:00','LIMA , RAMON DANIEL','\0','','LIMA ','238','RAMON',NULL),(32,2,NULL,'2014-08-10 12:41:27',NULL,NULL,'2014-08-12 00:08:13','JARA GUSTAVO','20-32220930-5','ar.com.burudos.party.Employee',31,NULL,0,NULL,'2013-08-16 00:00:00','JARA MARTINEZ, GUSTAVO ADOLFO','\0','','JARA MARTINEZ','239','GUSTAVO',3),(33,2,NULL,'2014-08-10 12:41:27',NULL,NULL,'2014-08-12 00:08:39','GARCIA ANTONELA','27-29437251-8','ar.com.burudos.party.Employee',32,NULL,0,NULL,'2013-08-16 00:00:00','GARCIA , GLADYS ANTONELA','\0','','GARCIA ','240','GLADYS',3),(34,1,NULL,'2014-08-10 12:41:27',NULL,NULL,'2014-08-12 00:08:50','FERNANDEZ CARMEN','27-26090479-0','ar.com.burudos.party.Employee',25,NULL,0,NULL,'2013-08-20 00:00:00','FERNANDEZ, CARMEN ELISA','\0','','FERNANDEZ','241','CARMEN',1),(35,1,NULL,'2014-08-10 12:41:27',NULL,NULL,'2014-08-12 00:09:04','PADILLA PABLO','20-30663423-3','ar.com.burudos.party.Employee',12,NULL,0,NULL,'2013-09-10 00:00:00','PADILLA, PABLO ADRIAN','\0','','PADILLA','244','PABLO',1),(36,1,NULL,'2014-08-10 12:41:27',NULL,NULL,'2014-08-12 00:09:27','PAREDES LORENA','27-26413183-4','ar.com.burudos.party.Employee',25,NULL,0,NULL,'2013-10-11 00:00:00','PAREDES, LORENA DEL CARMEN','\0','','PAREDES','247','LORENA',1),(37,1,NULL,'2014-08-10 12:41:27',NULL,NULL,'2014-08-12 00:09:44','GONZALEZ PI GISELA','27-34428293-0','ar.com.burudos.party.Employee',38,NULL,0,NULL,'2013-11-01 00:00:00','GONZALEZ PI, GISELA ELIANA','\0','','GONZALEZ PI','248','GISELA',2),(38,1,NULL,'2014-08-10 18:33:39',NULL,NULL,'2014-08-10 18:48:34','VALDI NICOLAS','23-27584501-9','ar.com.burudos.party.Employee',NULL,NULL,0,NULL,'2005-02-07 00:00:00',NULL,'','\0','VALDI','44','NICOLAS JORGE',NULL),(39,1,NULL,'2014-08-10 18:34:40',NULL,NULL,'2014-08-10 18:48:59','PACHE CAROLINA','27-22970898-3','ar.com.burudos.party.Employee',NULL,NULL,0,NULL,'2007-11-01 00:00:00',NULL,'','\0','PACHE','130','CAROLINA',NULL),(40,1,NULL,'2014-08-10 18:36:35',NULL,NULL,'2014-08-10 18:49:19','AGUIRRE MARINO','20-21508541-5','ar.com.burudos.party.Employee',NULL,NULL,0,NULL,'2010-03-02 00:00:00',NULL,'','\0','AGUIRRE','181','MARINO GABRIEL',NULL),(41,1,NULL,'2014-08-10 18:44:21',NULL,NULL,'2014-08-10 18:50:16','FIORENTINO CLAUDIA','27-16558279-4','ar.com.burudos.party.Employee',20,NULL,0,NULL,'2010-06-01 00:00:00',NULL,'\0','','FIORENTINO','183','CLAUDIA BEATRIZ',NULL),(42,1,NULL,'2014-08-10 18:45:27',NULL,NULL,'2014-08-10 18:50:34','MORENO ANA','27-18609120-0','ar.com.burudos.party.Employee',20,NULL,0,NULL,'2010-06-01 00:00:00',NULL,'\0','','MORENO','184','ANA ISABEL',NULL),(43,0,NULL,'2014-08-10 18:47:59',NULL,NULL,'2014-08-10 18:47:59','BASUALDO VERONICA','27-36786808-8','ar.com.burudos.party.Employee',20,NULL,0,NULL,'2012-08-14 00:00:00',NULL,'\0','','BASUALDO ALTEZ','211','VERONICA ELIZABETH',NULL),(44,0,NULL,'2014-08-10 18:52:20',NULL,NULL,'2014-08-10 18:52:20','SPITALE MARIA JOSE','27-38413484-5','ar.com.burudos.party.Employee',NULL,NULL,0,NULL,'2012-08-20 00:00:00',NULL,'\0','','SPITALE','242','MARIA JOSE',NULL),(263,0,NULL,'2014-08-11 01:03:44',NULL,NULL,'2014-08-11 01:03:44','NO INGRESADO','20-00000000-0','ar.com.burudos.party.Employee',28,NULL,0,NULL,'2014-01-01 00:00:00','NO, INGRESADO','\0','','NO','1010','INGRESADO',NULL),(264,0,NULL,'2014-08-11 01:03:44',NULL,NULL,'2014-08-11 01:03:44','NO INGRESADO','20-00000001-0','ar.com.burudos.party.Employee',12,NULL,0,NULL,'2014-01-01 00:00:00','NO, INGRESADO','\0','','NO','1011','INGRESADO',NULL),(265,0,NULL,'2014-08-11 01:03:44',NULL,NULL,'2014-08-11 01:03:44','NO INGRESADO','20-00000002-0','ar.com.burudos.party.Employee',13,NULL,0,NULL,'2014-01-01 00:00:00','NO, INGRESADO','\0','','NO','1012','INGRESADO',NULL),(266,0,NULL,'2014-08-11 01:03:44',NULL,NULL,'2014-08-11 01:03:44','NO INGRESADO','20-00000003-0','ar.com.burudos.party.Employee',14,NULL,0,NULL,'2014-01-01 00:00:00','NO, INGRESADO','\0','','NO','1013','INGRESADO',NULL),(267,0,NULL,'2014-08-11 01:03:44',NULL,NULL,'2014-08-11 01:03:44','NO INGRESADO','20-00000004-0','ar.com.burudos.party.Employee',35,NULL,0,NULL,'2014-01-01 00:00:00','NO, INGRESADO','\0','','NO','1014','INGRESADO',NULL),(268,0,NULL,'2014-08-11 01:03:44',NULL,NULL,'2014-08-11 01:03:44','NO INGRESADO','20-00000005-0','ar.com.burudos.party.Employee',37,NULL,0,NULL,'2014-01-01 00:00:00','NO, INGRESADO','\0','','NO','1015','INGRESADO',NULL),(269,0,NULL,'2014-08-11 01:03:44',NULL,NULL,'2014-08-11 01:03:44','NO INGRESADO','20-00000006-0','ar.com.burudos.party.Employee',15,NULL,0,NULL,'2014-01-01 00:00:00','NO, INGRESADO','\0','','NO','1016','INGRESADO',NULL),(270,0,NULL,'2014-08-11 01:03:44',NULL,NULL,'2014-08-11 01:03:44','NO INGRESADO','20-00000007-0','ar.com.burudos.party.Employee',16,NULL,0,NULL,'2014-01-01 00:00:00','NO, INGRESADO','\0','','NO','1017','INGRESADO',NULL),(271,0,NULL,'2014-08-11 01:03:44',NULL,NULL,'2014-08-11 01:03:44','NO INGRESADO','20-00000008-0','ar.com.burudos.party.Employee',17,NULL,0,NULL,'2014-01-01 00:00:00','NO, INGRESADO','\0','','NO','1018','INGRESADO',NULL),(272,0,NULL,'2014-08-11 01:03:44',NULL,NULL,'2014-08-11 01:03:44','NO INGRESADO','20-00000009-0','ar.com.burudos.party.Employee',31,NULL,0,NULL,'2014-01-01 00:00:00','NO, INGRESADO','\0','','NO','1019','INGRESADO',NULL),(273,0,NULL,'2014-08-11 01:03:44',NULL,NULL,'2014-08-11 01:03:44','NO INGRESADO','20-00000011-0','ar.com.burudos.party.Employee',18,NULL,0,NULL,'2014-01-01 00:00:00','NO, INGRESADO','\0','','NO','1020','INGRESADO',NULL),(274,0,NULL,'2014-08-11 01:03:44',NULL,NULL,'2014-08-11 01:03:44','NO INGRESADO','20-00000012-0','ar.com.burudos.party.Employee',22,NULL,0,NULL,'2014-01-01 00:00:00','NO, INGRESADO','\0','','NO','1021','INGRESADO',NULL),(275,0,NULL,'2014-08-11 01:03:44',NULL,NULL,'2014-08-11 01:03:44','NO INGRESADO','20-00000013-0','ar.com.burudos.party.Employee',29,NULL,0,NULL,'2014-01-01 00:00:00','NO, INGRESADO','\0','','NO','1022','INGRESADO',NULL),(276,0,NULL,'2014-08-11 01:03:44',NULL,NULL,'2014-08-11 01:03:44','NO INGRESADO','20-00000014-0','ar.com.burudos.party.Employee',39,NULL,0,NULL,'2014-01-01 00:00:00','NO, INGRESADO','\0','','NO','1023','INGRESADO',NULL),(277,0,NULL,'2014-08-11 01:03:44',NULL,NULL,'2014-08-11 01:03:44','NO INGRESADO','20-00000015-0','ar.com.burudos.party.Employee',19,NULL,0,NULL,'2014-01-01 00:00:00','NO, INGRESADO','\0','','NO','1024','INGRESADO',NULL),(278,0,NULL,'2014-08-11 01:03:44',NULL,NULL,'2014-08-11 01:03:44','NO INGRESADO','20-00000016-0','ar.com.burudos.party.Employee',33,NULL,0,NULL,'2014-01-01 00:00:00','NO, INGRESADO','\0','','NO','1025','INGRESADO',NULL),(279,0,NULL,'2014-08-11 01:03:44',NULL,NULL,'2014-08-11 01:03:44','NO INGRESADO','20-00000017-0','ar.com.burudos.party.Employee',23,NULL,0,NULL,'2014-01-01 00:00:00','NO, INGRESADO','\0','','NO','1026','INGRESADO',NULL),(280,0,NULL,'2014-08-11 01:03:44',NULL,NULL,'2014-08-11 01:03:44','NO INGRESADO','20-00000018-0','ar.com.burudos.party.Employee',21,NULL,0,NULL,'2014-01-01 00:00:00','NO, INGRESADO','\0','','NO','1027','INGRESADO',NULL),(281,0,NULL,'2014-08-11 01:03:44',NULL,NULL,'2014-08-11 01:03:44','NO INGRESADO','20-00000020-0','ar.com.burudos.party.Employee',24,NULL,0,NULL,'2014-01-01 00:00:00','NO, INGRESADO','\0','','NO','1029','INGRESADO',NULL),(282,0,NULL,'2014-08-11 01:03:44',NULL,NULL,'2014-08-11 01:03:44','NO INGRESADO','20-00000021-0','ar.com.burudos.party.Employee',40,NULL,0,NULL,'2014-01-01 00:00:00','NO, INGRESADO','\0','','NO','1030','INGRESADO',NULL),(283,0,NULL,'2014-08-11 01:03:44',NULL,NULL,'2014-08-11 01:03:44','NO INGRESADO','20-00000022-0','ar.com.burudos.party.Employee',34,NULL,0,NULL,'2014-01-01 00:00:00','NO, INGRESADO','\0','','NO','1031','INGRESADO',NULL),(284,0,NULL,'2014-08-11 01:03:44',NULL,NULL,'2014-08-11 01:03:44','NO INGRESADO','20-00000023-0','ar.com.burudos.party.Employee',32,NULL,0,NULL,'2014-01-01 00:00:00','NO, INGRESADO','\0','','NO','1032','INGRESADO',NULL),(285,0,NULL,'2014-08-11 01:03:44',NULL,NULL,'2014-08-11 01:03:44','NO INGRESADO','20-00000024-0','ar.com.burudos.party.Employee',25,NULL,0,NULL,'2014-01-01 00:00:00','NO, INGRESADO','\0','','NO','1033','INGRESADO',NULL),(286,0,NULL,'2014-08-11 01:03:44',NULL,NULL,'2014-08-11 01:03:44','NO INGRESADO','20-00000025-0','ar.com.burudos.party.Employee',26,NULL,0,NULL,'2014-01-01 00:00:00','NO, INGRESADO','\0','','NO','1034','INGRESADO',NULL),(287,0,NULL,'2014-08-11 01:03:45',NULL,NULL,'2014-08-11 01:03:45','NO INGRESADO','20-00000026-0','ar.com.burudos.party.Employee',27,NULL,0,NULL,'2014-01-01 00:00:00','NO, INGRESADO','\0','','NO','1035','INGRESADO',NULL),(288,0,NULL,'2014-08-11 01:03:45',NULL,NULL,'2014-08-11 01:03:45','NO INGRESADO','20-00000027-0','ar.com.burudos.party.Employee',38,NULL,0,NULL,'2014-01-01 00:00:00','NO, INGRESADO','\0','','NO','1036','INGRESADO',NULL),(289,0,NULL,'2014-08-11 01:03:45',NULL,NULL,'2014-08-11 01:03:45','NO INGRESADO','20-00000028-0','ar.com.burudos.party.Employee',36,NULL,0,NULL,'2014-01-01 00:00:00','NO, INGRESADO','\0','','NO','1037','INGRESADO',NULL),(290,0,NULL,'2014-08-11 01:03:45',NULL,NULL,'2014-08-11 01:03:45','NO INGRESADO','20-00000029-0','ar.com.burudos.party.Employee',41,NULL,0,NULL,'2014-01-01 00:00:00','NO, INGRESADO','\0','','NO','1038','INGRESADO',NULL),(291,0,NULL,'2014-08-11 01:03:45',NULL,NULL,'2014-08-11 01:03:45','NO INGRESADO','20-00000030-0','ar.com.burudos.party.Employee',20,NULL,0,NULL,'2014-01-01 00:00:00','NO, INGRESADO','\0','','NO','1039','INGRESADO',NULL),(292,0,NULL,'2014-08-11 01:03:45',NULL,NULL,'2014-08-11 01:03:45','GUERRERO JORGE','20-00000031-0','ar.com.burudos.party.Employee',20,NULL,0,NULL,'2014-01-01 00:00:00','GUERRERO, JORGE','\0','','GUERRERO','1040','JORGE',NULL),(293,0,NULL,'2014-08-11 01:03:45',NULL,NULL,'2014-08-11 01:03:45','MELOGNO EZEQUIEL','20-00000032-0','ar.com.burudos.party.Employee',21,NULL,0,NULL,'2014-01-01 00:00:00','MELOGNO, EZEQUIEL','\0','','MELOGNO','1041','EZEQUIEL',NULL),(294,0,NULL,'2014-08-11 01:03:45',NULL,NULL,'2014-08-11 01:03:45','MARTINEZ MANUEL','20-00000033-0','ar.com.burudos.party.Employee',16,NULL,0,NULL,'2014-01-01 00:00:00','MARTINEZ, MANUEL','\0','','MARTINEZ','1042','MANUEL',NULL),(295,0,NULL,'2014-08-11 01:03:45',NULL,NULL,'2014-08-11 01:03:45','PANOZZO PABLO','20-00000034-0','ar.com.burudos.party.Employee',14,NULL,0,NULL,'2014-01-01 00:00:00','PANOZZO, PABLO','\0','','PANOZZO','1043','PABLO',NULL),(296,1,NULL,'2014-08-11 01:03:45',NULL,NULL,'2014-08-12 00:11:31','QUEVEDO HORACIO','20-00000036-0','ar.com.burudos.party.Employee',27,NULL,0,NULL,'2014-01-01 00:00:00','QUEVEDO, HORACIO','\0','','QUEVEDO','1045','HORACIO',2),(297,0,NULL,'2014-08-11 01:03:45',NULL,NULL,'2014-08-11 01:03:45','MUNOZ FRANCISCO','20-00000038-0','ar.com.burudos.party.Employee',35,NULL,0,NULL,'2014-01-01 00:00:00','MUNOZ, FRANCISCO','\0','','MUNOZ','1047','FRANCISCO',NULL),(298,1,NULL,'2014-08-11 01:04:43',NULL,NULL,'2014-08-12 00:11:50','ANTELMI MARIA','20-00000035-0','ar.com.burudos.party.Employee',30,NULL,0,NULL,'2014-01-01 00:00:00','ANTELMI, MARIA DE LOS ANGELES','\0','','ANTELMI','1044','MARIA',2),(299,0,NULL,'2014-08-11 21:38:19',NULL,NULL,'2014-08-11 21:38:19','NO INGRESADO','20-00000031-0','ar.com.burudos.party.Employee',30,NULL,0,NULL,'2014-01-01 00:00:00',NULL,'\0','','NO','1040','INGRESADO',NULL);
/*!40000 ALTER TABLE `party` ENABLE KEYS */;
UNLOCK TABLES;

--
-- Table structure for table `bussines_unit`
--

DROP TABLE IF EXISTS `bussines_unit`;
/*!40101 SET @saved_cs_client     = @@character_set_client */;
/*!40101 SET character_set_client = utf8 */;
CREATE TABLE `bussines_unit` (
  `id` bigint(20) NOT NULL AUTO_INCREMENT,
  `version` bigint(20) NOT NULL,
  `altura` varchar(255) DEFAULT NULL,
  `calle` varchar(255) DEFAULT NULL,
  `code` varchar(255) NOT NULL,
  `coordinator_id` bigint(20) DEFAULT NULL,
  `departamento` varchar(255) DEFAULT NULL,
  `father_id` bigint(20) DEFAULT NULL,
  `localidad` varchar(255) DEFAULT NULL,
  `nombre` varchar(255) DEFAULT NULL,
  `provincia` varchar(255) DEFAULT NULL,
  PRIMARY KEY (`id`),
  UNIQUE KEY `bu_name_idx` (`nombre`),
  KEY `FK8D6A411D16FD1606` (`coordinator_id`),
  KEY `FK8D6A411DCA9006B0` (`father_id`),
  KEY `NombreBu_Idx` (`nombre`),
  CONSTRAINT `FK8D6A411DCA9006B0` FOREIGN KEY (`father_id`) REFERENCES `bussines_unit` (`id`),
  CONSTRAINT `FK8D6A411D16FD1606` FOREIGN KEY (`coordinator_id`) REFERENCES `party` (`id`)
) ENGINE=InnoDB AUTO_INCREMENT=43 DEFAULT CHARSET=latin1;
/*!40101 SET character_set_client = @saved_cs_client */;

--
-- Dumping data for table `bussines_unit`
--

LOCK TABLES `bussines_unit` WRITE;
/*!40000 ALTER TABLE `bussines_unit` DISABLE KEYS */;
INSERT INTO `bussines_unit` VALUES (1,3,'1456','Regimiento Patricios','JAG',NULL,NULL,NULL,'Ciudad de Buenos Aires','JAG','Ciudad de Buenos Aires'),(2,8,NULL,NULL,'AMBA',NULL,NULL,42,NULL,'Area Metropolitana de Buenos Aires',NULL),(3,1,NULL,NULL,'NORTE',NULL,NULL,1,NULL,'Region Norte',NULL),(4,1,NULL,NULL,'SUR',NULL,NULL,1,NULL,'Region Sur',NULL),(5,0,NULL,NULL,'F09',NULL,NULL,3,NULL,'Centro','Cordoba'),(6,1,NULL,NULL,'A02',NULL,NULL,3,NULL,'Noreste Argentino M','Misiones'),(7,2,NULL,NULL,'F10F35',NULL,NULL,3,NULL,'Noreste Argentino FCC','Corrientes/Chaco/Formosa'),(8,1,NULL,NULL,'F10',NULL,NULL,7,NULL,'Noreste Argentino C','Corrientes'),(9,1,NULL,NULL,'F35',NULL,NULL,7,NULL,'Noreste Argentino','Chaco/Formosa'),(10,1,NULL,NULL,'C46',NULL,NULL,3,NULL,'Region Cuyo SJ','San Juan'),(11,1,NULL,NULL,'E04',NULL,NULL,3,NULL,'Region Cuyo SL','San Luis'),(12,0,'1152','Saenz','1031',NULL,'Ciudad de Buenos Aires',2,'Ciudad de Buenos Aires','LOCAL POMPEYA','Ciudad de Buenos Aires'),(13,0,'5243','Francisco Beiro','1033',NULL,'Ciudad de Buenos Aires',2,'Ciudad de Buenos Aires','LOCAL BEIRO','Ciudad de Buenos Aires'),(14,3,'2064','Bonifacini','1050',NULL,'General San Martin',42,'General San Martin','LOCAL SAN MARTIN','Buenos Aires'),(15,2,'2630','Jose A. Lopez','2859',NULL,'Quilmes',2,'San Francisco Solano','LOCAL SOLANO','Buenos Aires'),(16,1,'495','Suipacha','2905',NULL,'Merlo',2,'Merlo','LOCAL MORON','Buenos Aires'),(17,0,'115','Noguera','3134',NULL,'Ituzaingo',2,'San Antonio de Padua','LOCAL PADUA','Buenos Aires'),(18,0,'7097','Ramon Falcon','3280',NULL,'Ciudad de Buenos Aires',2,'Ciudad de Buenos Aires','LOCAL LINIERS','Ciudad de Buenos Aires'),(19,0,'2001','Santa Fe','4930',NULL,'San Isidro',2,'Martinez','LOCAL MARTINEZ','Buenos Aires'),(20,0,'796','Regimiento de Patricios','5663',NULL,'Ciudad de Buenos Aires',2,'Ciudad de Buenos Aires','LOCAL BARRACAS','Ciudad de Buenos Aires'),(21,0,'574','Mitre','5903',NULL,'Moreno',2,'Moreno','LOCAL MORENO','Buenos Aires'),(22,0,'296','9 de Julio','3393',NULL,'Cordoba Capital',5,'Cordoba','LOCAL CORDOBA','Cordoba'),(23,0,'957','General Paz','4994',NULL,'Rio Cuarto',5,'Rio Cuarto','LOCAL RIO IV','Cordoba'),(24,0,'2202','25 de Mayo','5907',NULL,'San Justo',5,'San Francisco','LOCAL SAN FRANCISCO','Cordoba'),(25,0,'165','9 de Julio','8043',NULL,'Punilla',5,'Villa Carlos Paz','LOCAL CARLOS PAZ','Cordoba'),(26,0,'163','Rivera Indarte','9085',NULL,'Cordoba Capital',5,'Cordoba','LOCAL RIVERA INDARTE','Cordoba'),(27,0,'64','Libertad','9087',NULL,'Obera',6,'Obera','LOCAL OBERA','Misiones'),(28,1,'1939','Bolivar','4176',NULL,'Capital',6,'Posadas','LOCAL POSADAS 1','Misiones'),(29,0,'2076','Bolivar','6988',NULL,'Capital',6,'Posadas','LOCAL POSADAS 2','Misiones'),(30,1,'1787','San Martin','9176',NULL,'Eldorado',6,'Eldorado','LOCAL EL DORADO','Misiones'),(31,0,'1384','Junin','3222',NULL,'Capital',8,'Corrientes','LOCAL CORRIENTES 1','Corrientes'),(32,0,'1262','Junin','6987',NULL,'Capital',8,'Corrientes','LOCAL CORRIENTES 2','Corrientes'),(33,0,'180','San Martin','4962',NULL,'Comandante Fernandez',9,'Presidencia Roque Saenz Pena','LOCAL SAENZ PENA','Chaco'),(34,0,'612','Rivadavia','6986',NULL,'Formosa',9,'Formosa','LOCAL FORMOSA','Formosa'),(35,0,'297','Rivadavia Este','2159',NULL,'Capital',10,'San Juan','LOCAL SAN JUAN 1','San Juan'),(36,0,'135','Rivadavia Este','9210',NULL,'Capital',10,'San Juan','LOCAL SAN JUAN 2','San Juan'),(37,0,'461','San Juan','2218',NULL,'Jachal',10,'San Jose de Jachal','LOCAL JACHAL','San Juan'),(38,0,NULL,'Diagonal Sarmiento','9152',NULL,'Caucete',10,'Caucete','LOCAL CAUCETE','San Juan'),(39,0,'908','Junin','4611',NULL,'La Capital',11,'San Luis','LOCAL SAN LUIS','San Luis'),(40,0,'531','Coronel Mercau','6962',NULL,'Junin',11,'Merlo','LOCAL MERLO','San Luis'),(41,0,NULL,NULL,'11111',NULL,NULL,9,NULL,'LOCAL CHACO (TERRENO)','CHACO'),(42,1,NULL,NULL,'907',NULL,NULL,1,NULL,'AMBA',NULL);
/*!40000 ALTER TABLE `bussines_unit` ENABLE KEYS */;
UNLOCK TABLES;

--
-- Table structure for table `rule`
--

DROP TABLE IF EXISTS `rule`;
/*!40101 SET @saved_cs_client     = @@character_set_client */;
/*!40101 SET character_set_client = utf8 */;
CREATE TABLE `rule` (
  `id` bigint(20) NOT NULL AUTO_INCREMENT,
  `version` bigint(20) NOT NULL,
  `active` bit(1) NOT NULL,
  `created_by` varchar(255) DEFAULT NULL,
  `creation_date` datetime DEFAULT NULL,
  `dialect` varchar(255) NOT NULL,
  `last_update_by` varchar(255) DEFAULT NULL,
  `last_update_date` datetime DEFAULT NULL,
  `rule_condition` longtext NOT NULL,
  `rule_consequence` longtext NOT NULL,
  `rule_group` varchar(255) NOT NULL,
  `rule_name` varchar(255) NOT NULL,
  `salience` int(11) DEFAULT NULL,
  PRIMARY KEY (`id`),
  UNIQUE KEY `rule_name` (`rule_name`)
) ENGINE=InnoDB AUTO_INCREMENT=106 DEFAULT CHARSET=utf8;
/*!40101 SET character_set_client = @saved_cs_client */;

--
-- Dumping data for table `rule`
--

LOCK TABLES `rule` WRITE;
/*!40000 ALTER TABLE `rule` DISABLE KEYS */;
INSERT INTO `rule` VALUES (1,3,'',NULL,'2014-06-24 00:35:18','MVEL',NULL,'2014-07-06 23:54:13','$empleado : Employee()\r\n$total : Summary(bu == $empleado.bu && summaryCode == \"IEM_ALTAS\")\r\n$p : Parameter(paramCode == \"PUNTOS_ALTAS_IEM_PU_PTS\")','statement.addLine(StatementLineType.RULE, $p.paramCategory, $p.currentDescription, $p.value, $total.quantity, $p.value * $total.quantity, 10);','POINTS','Puntos - Altas IEM',99),(2,1,'',NULL,'2014-06-28 18:49:57','MVEL',NULL,'2014-07-06 23:53:50','$empleado : Employee()\r\n$total : Summary(bu == $empleado.bu && summaryCode == \"IEM_BAJAS\")\r\n$p : Parameter(paramCode == \"PUNTOS_BAJAS_IEM_PU_PTS\")','statement.addLine(StatementLineType.RULE, $p.paramCategory, $p.currentDescription, $p.value, $total.quantity, $p.value * $total.quantity, 11);','POINTS','Puntos - Bajas IEM',99),(3,1,'',NULL,'2014-06-28 19:41:31','MVEL',NULL,'2014-07-06 23:55:23','$empleado : Employee()\r\n$total : Summary(bu == $empleado.bu && summaryCode == \"CPLAN_ALTAS\")\r\n$p : Parameter(paramCode == \"PUNTOS_ALTAS_CPLAN_PTS\")','statement.addLine(StatementLineType.RULE, $p.paramCategory, $p.currentDescription, $p.value, $total.quantity, $p.value * $total.quantity, 20);','POINTS','Puntos - Altas Cambios de Plan',99),(4,2,'',NULL,'2014-06-28 19:42:53','MVEL',NULL,'2014-07-06 23:56:27','$empleado : Employee()\r\n$total : Summary(bu == $empleado.bu && summaryCode == \"CPLAN_BAJAS\")\r\n$p : Parameter(paramCode == \"PUNTOS_BAJAS_CPLAN_PU_PTS\")','statement.addLine(StatementLineType.RULE, $p.paramCategory, $p.currentDescription, $p.value, $total.quantity, $p.value * $total.quantity, 21);','POINTS','Puntos - Bajas Cambios de Plan',99),(5,1,'',NULL,'2014-06-28 19:44:21','MVEL',NULL,'2014-07-06 23:57:21','$empleado : Employee()\r\n$total : Summary(bu == $empleado.bu && summaryCode == \"SVC_ALTAS\")\r\n$p : Parameter(paramCode == \"PUNTOS_ALTAS_SVC_PU_PTS\")','statement.addLine(StatementLineType.RULE, $p.paramCategory, $p.currentDescription, $p.value, $total.quantity, $p.value * $total.quantity, 30);','POINTS','Puntos - Altas Paquetes de Servicio',99),(6,3,'',NULL,'2014-06-28 19:46:01','MVEL',NULL,'2014-07-06 23:58:09','$empleado : Employee()\r\n$total : Summary(bu == $empleado.bu && summaryCode == \"SVC_BAJAS\")\r\n$p : Parameter(paramCode == \"PUNTOS_BAJAS_SVC_PU_PTS\")','statement.addLine(StatementLineType.RULE, $p.paramCategory, $p.currentDescription, $p.value, $total.quantity, $p.value * $total.quantity, 31);','POINTS','Puntos - Bajas Paquetes de Servicio',99),(7,1,'',NULL,'2014-06-28 19:47:31','MVEL',NULL,'2014-07-07 00:00:29','$empleado : Employee()\r\n$total : Summary(bu == $empleado.bu && summaryCode == \"GTIA_ALTAS\")\r\n$p : Parameter(paramCode == \"PUNTOS_ALTAS_GTIA_PU_PTS\")','statement.addLine(StatementLineType.RULE, $p.paramCategory, $p.currentDescription, $p.value, $total.quantity, $p.value * $total.quantity, 40);','POINTS','Puntos - Altas Garantias',99),(8,1,'',NULL,'2014-06-28 19:48:09','MVEL',NULL,'2014-07-07 00:01:50','$empleado : Employee()\r\n$total : Summary(bu == $empleado.bu && summaryCode == \"GTIA_BAJAS\")\r\n$p : Parameter(paramCode == \"PUNTOS_BAJAS_GTIA_PU_PTS\")','statement.addLine(StatementLineType.RULE, $p.paramCategory, $p.currentDescription, $p.value, $total.quantity, $p.value * $total.quantity, 41);','POINTS','Puntos - Bajas Garantias',99),(9,3,'',NULL,'2014-06-28 19:49:15','MVEL',NULL,'2014-07-07 00:02:36','$empleado : Employee()\r\n$total : Summary(bu == $empleado.bu && summaryCode == \"MIG_ALTAS\")\r\n$p : Parameter(paramCode == \"PUNTOS_ALTAS_MIGPOS_PU_PTS\")','statement.addLine(StatementLineType.RULE, $p.paramCategory, $p.currentDescription, $p.value, $total.quantity, $p.value * $total.quantity, 50);','POINTS','Puntos - Altas Migraciones Positivas',99),(10,1,'',NULL,'2014-06-28 19:49:57','MVEL',NULL,'2014-07-07 00:03:26','$empleado : Employee()\r\n$total : Summary(bu == $empleado.bu && summaryCode == \"MIG_BAJAS\")\r\n$p : Parameter(paramCode == \"PUNTOS_BAJAS_MIGPOS_PU_PTS\")','statement.addLine(StatementLineType.RULE, $p.paramCategory, $p.currentDescription, $p.value, $total.quantity, $p.value * $total.quantity, 51);','POINTS','Puntos - Bajas Migraciones Positivas',99),(11,1,'',NULL,'2014-06-28 19:51:36','MVEL',NULL,'2014-07-07 00:04:16','$empleado : Employee()\r\n$total : Summary(bu == $empleado.bu && summaryCode == \"CATER_POS_ALTAS\")\r\n$p : Parameter(paramCode == \"PUNTOS_ALTAS_CATERPOS_PU_PTS\")','statement.addLine(StatementLineType.RULE, $p.paramCategory, $p.currentDescription, $p.value, $total.quantity, $p.value * $total.quantity, 60);','POINTS','Puntos - Altas CATER Pospago',99),(12,1,'',NULL,'2014-06-28 19:52:20','MVEL',NULL,'2014-07-07 00:05:31','$empleado : Employee()\r\n$total : Summary(bu == $empleado.bu && summaryCode == \"CATER_POS_BAJAS\")\r\n$p : Parameter(paramCode == \"PUNTOS_BAJAS_CATERPOS_PU_PTS\")','statement.addLine(StatementLineType.RULE, $p.paramCategory, $p.currentDescription, $p.value, $total.quantity, $p.value * $total.quantity, 61);','POINTS','Puntos - Bajas CATER Pospago',99),(13,1,'',NULL,'2014-06-28 19:53:49','MVEL',NULL,'2014-07-07 00:06:24','$empleado : Employee()\r\n$total : Summary(bu == $empleado.bu && summaryCode == \"CATER_PRE_ALTAS\")\r\n$p : Parameter(paramCode == \"PUNTOS_ALTAS_CATERPRE_PU_PTS\")','statement.addLine(StatementLineType.RULE, $p.paramCategory, $p.currentDescription, $p.value, $total.quantity, $p.value * $total.quantity, 70);','POINTS','Puntos - Altas CATER Prepago',99),(14,1,'',NULL,'2014-06-28 19:54:28','MVEL',NULL,'2014-07-07 00:06:42','$empleado : Employee()\r\n$total : Summary(bu == $empleado.bu && summaryCode == \"CATER_PRE_BAJAS\")\r\n$p : Parameter(paramCode == \"PUNTOS_BAJAS_CATERPRE_PU_PTS\")','statement.addLine(StatementLineType.RULE, $p.paramCategory, $p.currentDescription, $p.value, $total.quantity, $p.value * $total.quantity, 71);','POINTS','Puntos - Bajas CATER Prepago',99),(15,1,'',NULL,'2014-06-28 19:58:10','MVEL',NULL,'2014-07-07 00:06:59','$empleado : Employee()\r\n$total : Summary(bu == $empleado.bu && summaryCode == \"CASIM_POS_ALTAS\")\r\n$p : Parameter(paramCode == \"PUNTOS_ALTAS_CASIMPOS_PU_PTS\")','statement.addLine(StatementLineType.RULE, $p.paramCategory, $p.currentDescription, $p.value, $total.quantity, $p.value * $total.quantity, 80);','POINTS','Puntos - Altas CASIM Pospago',99),(16,1,'',NULL,'2014-06-28 19:58:45','MVEL',NULL,'2014-07-07 00:07:12','$empleado : Employee()\r\n$total : Summary(bu == $empleado.bu && summaryCode == \"CASIM_POS_BAJAS\")\r\n$p : Parameter(paramCode == \"PUNTOS_BAJAS_CASIMPOS_PU_PTS\")','statement.addLine(StatementLineType.RULE, $p.paramCategory, $p.currentDescription, $p.value, $total.quantity, $p.value * $total.quantity, 81);','POINTS','Puntos - Bajas CASIM Pospago',99),(17,1,'',NULL,'2014-06-28 19:59:28','MVEL',NULL,'2014-07-07 00:07:25','$empleado : Employee()\r\n$total : Summary(bu == $empleado.bu && summaryCode == \"CASIM_PRE_ALTAS\")\r\n$p : Parameter(paramCode == \"PUNTOS_ALTAS_CASIMPRE_PU_PTS\")','statement.addLine(StatementLineType.RULE, $p.paramCategory, $p.currentDescription, $p.value, $total.quantity, $p.value * $total.quantity, 90);','POINTS','Puntos - Altas CASIM Prepago',99),(18,1,'',NULL,'2014-06-28 20:00:10','MVEL',NULL,'2014-07-07 00:07:39','$empleado : Employee()\r\n$total : Summary(bu == $empleado.bu && summaryCode == \"CASIM_PRE_BAJAS\")\r\n$p : Parameter(paramCode == \"PUNTOS_BAJAS_CASIMPRE_PU_PTS\")','statement.addLine(StatementLineType.RULE, $p.paramCategory, $p.currentDescription, $p.value, $total.quantity, $p.value * $total.quantity, 91);','POINTS','Puntos - Bajas CASIM Prepago',99),(19,1,'',NULL,'2014-06-28 20:00:44','MVEL',NULL,'2014-07-07 00:07:54','$empleado : Employee()\r\n$total : Summary(bu == $empleado.bu && summaryCode == \"BONOS_ALTAS\")\r\n$p : Parameter(paramCode == \"PUNTOS_ALTAS_BONOS_PU_PTS\")','statement.addLine(StatementLineType.RULE, $p.paramCategory, $p.currentDescription, $p.value, $total.quantity, $p.value * $total.quantity, 100);','POINTS','Puntos - Altas Bonos',99),(20,1,'',NULL,'2014-06-28 20:01:16','MVEL',NULL,'2014-07-07 00:08:11','$empleado : Employee()\r\n$total : Summary(bu == $empleado.bu && summaryCode == \"BONOS_BAJAS\")\r\n$p : Parameter(paramCode == \"PUNTOS_BAJAS_BONOS_PU_PTS\")','statement.addLine(StatementLineType.RULE, $p.paramCategory, $p.currentDescription, $p.value, $total.quantity, $p.value * $total.quantity, 101);','POINTS','Puntos - Bajas Bonos',99),(21,3,'',NULL,'2014-06-28 20:01:50','MVEL',NULL,'2014-07-14 09:13:43','$empleado : Employee()\r\n$total : Summary(bu == $empleado.bu && summaryCode == \"MTALK_ALTAS\")\r\n$p : Parameter(paramCode == \"PUNTOS_ALTAS_MT_PU_PTS\")','statement.addLine(StatementLineType.RULE, $p.paramCategory, $p.currentDescription, $p.value, $total.quantity, $p.value * $total.quantity, 110);','POINTS','Puntos - Altas Movitalk',99),(22,1,'',NULL,'2014-06-28 20:02:20','MVEL',NULL,'2014-07-07 00:08:37','$empleado : Employee()\r\n$total : Summary(bu == $empleado.bu && summaryCode == \"MTALK_BAJAS\")\r\n$p : Parameter(paramCode == \"PUNTOS_BAJAS_MT_PU_PTS\")','statement.addLine(StatementLineType.RULE, $p.paramCategory, $p.currentDescription, $p.value, $total.quantity, $p.value * $total.quantity, 111);','POINTS','Puntos - Bajas Movitalk',99),(23,2,'',NULL,'2014-06-28 20:06:28','MVEL',NULL,'2014-06-30 00:44:47','$empleado: Employee()\r\n$pPuntajeObjetivo : Parameter(paramCode == \"PTOVTA_OBJ_PTS\")\r\n$pPorcentajePuntajeObjetivoMinimo : Parameter(paramCode == \"VTA_CTE_OBJ_PCT\")','statement.addLine(StatementLineType.OBJECTIVE, StatementLineGroup.OBJ_POINTS, $pPuntajeObjetivo.currentDescription, $pPuntajeObjetivo.value, null, null, 1);\r\n		\r\nDouble total = statement.pointsSubtotal;\r\nDouble porcentajeAlcanzado = (total / $pPuntajeObjetivo.value) * 100.0;\r\nstatement.setPointsObjPerc(porcentajeAlcanzado);\r\nInteger factor = 1;\r\nif (porcentajeAlcanzado < $pPorcentajePuntajeObjetivoMinimo.value) {\r\n	factor = 0;\r\n}\r\nSystem.out.println(\"Factor Altas: \" + factor);\r\nadditionalValues.put(\"factorAltas\",factor);','OTHERS','Puntos - Totalizacion de puntos',95),(24,1,'',NULL,'2014-06-28 20:07:44','MVEL',NULL,'2014-07-07 00:09:51','$empleado: Employee()\r\n$pPuntajeObjetivo : Parameter(paramCode == \"PTOVTA_OBJ_PTS\")\r\n$p : Parameter(paramCode == \"PVTA_BON_ARS\")','Integer factor = 1;\r\nif (statement.pointsObjPerc < $p.minValue) {\r\n	factor = 0;\r\n}\r\nstatement.addLine(StatementLineType.RULE, StatementLineGroup.OBJ_POINTS, $p.currentDescription, $p.value, null, $p.value * factor, 2);','POINTS','Puntos - Premio Postventa',94),(25,1,'',NULL,'2014-06-28 20:44:13','MVEL',NULL,'2014-07-07 00:11:18','$empleado : Employee()\r\n$total : Summary(employee != null && employee.id == $empleado.id && summaryCode == \"IM\")\r\n$p : Parameter(paramCode == \"VTA_IM_PU_ARS\")','Integer factor = 1; \r\nif (additionalValues.containsKey(\"factorAltas\")) {\r\n	factor = (Integer) additionalValues.get(\"factorAltas\");\r\n}\r\nstatement.addLine(StatementLineType.RULE, $p.paramCategory, $p.currentDescription, $p.value, $total.quantity, $p.value * $total.quantity * factor, 10);','SALES','Altas - IM Control 500 MB',90),(26,1,'',NULL,'2014-06-28 20:46:05','MVEL',NULL,'2014-07-07 00:11:51','$empleado : Employee()\r\n$total : Summary(employee != null && employee.id == $empleado.id && summaryCode == \"LEC\")\r\n$p : Parameter(paramCode == \"VTA_LEC_PU_ARS\")','Integer factor = 1; \r\nif (additionalValues.containsKey(\"factorAltas\")) {\r\n	factor = (Integer) additionalValues.get(\"factorAltas\");\r\n}\r\nstatement.addLine(StatementLineType.RULE, $p.paramCategory, $p.currentDescription, $p.value, $total.quantity, $p.value * $total.quantity * factor, 20);','SALES','Altas - LEC',90),(27,1,'',NULL,'2014-06-28 20:47:15','MVEL',NULL,'2014-07-07 00:12:17','$empleado : Employee()\r\n$total : Summary(employee != null && employee.id == $empleado.id && summaryCode == \"PLAN1\")\r\n$p : Parameter(paramCode == \"VTA_PLA_RG1_PU_ARS\")','Integer factor = 1; \r\nif (additionalValues.containsKey(\"factorAltas\")) {\r\n	factor = (Integer) additionalValues.get(\"factorAltas\");\r\n}\r\nstatement.addLine(StatementLineType.RULE, $p.paramCategory, $p.currentDescription, $p.value, $total.quantity, $p.value * $total.quantity * factor, 30);','SALES','Altas - Planes Externo/Interno Rango 1',90),(28,1,'',NULL,'2014-06-28 20:48:03','MVEL',NULL,'2014-07-07 00:12:40','$empleado : Employee()\r\n$total : Summary(employee != null && employee.id == $empleado.id && summaryCode == \"PLAN2\")\r\n$p : Parameter(paramCode == \"VTA_PLA_RG2_PU_ARS\")','Integer factor = 1; \r\nif (additionalValues.containsKey(\"factorAltas\")) {\r\n	factor = (Integer) additionalValues.get(\"factorAltas\");\r\n}\r\nstatement.addLine(StatementLineType.RULE, $p.paramCategory, $p.currentDescription, $p.value, $total.quantity, $p.value * $total.quantity * factor, 31);','SALES','Altas - Planes Externo/Interno Rango 2',90),(29,1,'',NULL,'2014-06-28 20:49:05','MVEL',NULL,'2014-07-07 00:12:57','$empleado : Employee()\r\n$total : Summary(employee != null && employee.id == $empleado.id && summaryCode == \"PLAN3\")\r\n$p : Parameter(paramCode == \"VTA_PLA_RG3_PU_ARS\")','Integer factor = 1; \r\nif (additionalValues.containsKey(\"factorAltas\")) {\r\n	factor = (Integer) additionalValues.get(\"factorAltas\");\r\n}\r\nstatement.addLine(StatementLineType.RULE, $p.paramCategory, $p.currentDescription, $p.value, $total.quantity, $p.value * $total.quantity * factor, 32);','SALES','Altas - Planes Externo/Interno Rango 3',90),(30,1,'',NULL,'2014-06-28 20:50:04','MVEL',NULL,'2014-07-07 00:13:15','$empleado : Employee()\r\n$total : Summary(employee != null && employee.id == $empleado.id && summaryCode == \"PLAN4\")\r\n$p : Parameter(paramCode == \"VTA_PLA_RG4_PU_ARS\")','Integer factor = 1; \r\nif (additionalValues.containsKey(\"factorAltas\")) {\r\n	factor = (Integer) additionalValues.get(\"factorAltas\");\r\n}\r\nstatement.addLine(StatementLineType.RULE, $p.paramCategory, $p.currentDescription, $p.value, $total.quantity, $p.value * $total.quantity * factor, 33);','SALES','Altas - Planes Externo/Interno Rango 4',90),(31,1,'',NULL,'2014-06-28 20:51:06','MVEL',NULL,'2014-07-07 00:13:30','$empleado : Employee()\r\n$total : Summary(employee != null && employee.id == $empleado.id && summaryCode == \"PLAN5\")\r\n$p : Parameter(paramCode == \"VTA_PLA_RG5_PU_ARS\")','Integer factor = 1; \r\nif (additionalValues.containsKey(\"factorAltas\")) {\r\n	factor = (Integer) additionalValues.get(\"factorAltas\");\r\n}\r\nstatement.addLine(StatementLineType.RULE, $p.paramCategory, $p.currentDescription, $p.value, $total.quantity, $p.value * $total.quantity * factor, 34);','SALES','Altas - Planes Externo/Interno Rango 5',90),(32,1,'',NULL,'2014-06-28 20:51:52','MVEL',NULL,'2014-07-07 00:13:43','$empleado : Employee()\r\n$total : Summary(employee != null && employee.id == $empleado.id && summaryCode == \"CORP\")\r\n$p : Parameter(paramCode == \"VTA_PLA_CORP_PU_ARS\")','Integer factor = 1; \r\nif (additionalValues.containsKey(\"factorAltas\")) {\r\n	factor = (Integer) additionalValues.get(\"factorAltas\");\r\n}\r\nstatement.addLine(StatementLineType.RULE, $p.paramCategory, $p.currentDescription, $p.value, $total.quantity, $p.value * $total.quantity * factor, 40);','SALES','Altas - Planes Corporativos',90),(33,1,'',NULL,'2014-06-28 20:54:08','MVEL',NULL,'2014-07-07 00:14:22','$empleado : Employee()\r\n$total : Summary(employee != null && employee.id == $empleado.id && summaryCode == \"2X1\")\r\n$p : Parameter(paramCode == \"VTA_PLA_2X1_PU_ARS\")','Integer factor = 1; \r\nif (additionalValues.containsKey(\"factorAltas\")) {\r\n	factor = (Integer) additionalValues.get(\"factorAltas\");\r\n}\r\nstatement.addLine(StatementLineType.RULE, $p.paramCategory, $p.currentDescription, $p.value, $total.quantity, $p.value * $total.quantity * factor, 40);','SALES','Altas - Planes Promo 2x1 2da Linea $ 169',90),(34,2,'',NULL,'2014-06-28 20:54:55','MVEL',NULL,'2014-07-07 00:15:14','$empleado : Employee()\r\n$total : Summary(employee != null && employee.id == $empleado.id && summaryCode == \"ACCESORIOS\")\r\n$p : Parameter(paramCode == \"VTA_ACC_BON_PCT\")','statement.addLine(StatementLineType.RULE, $p.paramCategory, $p.currentDescription, $p.value, $total.quantity, $p.value * $total.quantity / 100.0, 50);','SALES','Altas - Accesorios',90),(35,1,'',NULL,'2014-06-28 20:55:57','MVEL',NULL,'2014-07-07 00:15:45','$empleado : Employee()\r\n$total : Summary(employee != null && employee.id == $empleado.id && summaryCode == \"PREP\")\r\n$p : Parameter(paramCode == \"VTA_PREP_INT_PU_ARS\")','Integer factor = 1; \r\nif (additionalValues.containsKey(\"factorAltas\")) {\r\n	factor = (Integer) additionalValues.get(\"factorAltas\");\r\n}\r\nstatement.addLine(StatementLineType.RULE, $p.paramCategory, $p.currentDescription, $p.value, $total.quantity, $p.value * $total.quantity * factor, 60);','SALES','Altas - Prepago Interno',90),(36,1,'',NULL,'2014-06-28 20:56:57','MVEL',NULL,'2014-07-07 00:16:11','$empleado : Employee()\r\n$total : Summary(employee != null && employee.id == $empleado.id && summaryCode == \"CALL\")\r\n$p : Parameter(paramCode == \"VTA_CALL_PU_ARS\")','Integer factor = 1; \r\nif (additionalValues.containsKey(\"factorAltas\")) {\r\n	factor = (Integer) additionalValues.get(\"factorAltas\");\r\n}\r\nstatement.addLine(StatementLineType.RULE, $p.paramCategory, $p.currentDescription, $p.value, $total.quantity, $p.value * $total.quantity * factor, 70);','SALES','Altas - Operaciones Call Center',90),(37,1,'',NULL,'2014-06-28 20:58:40','MVEL',NULL,'2014-07-07 00:16:49','$empleado : Employee()\r\n$p : Parameter(paramCode == \"VTA_ITAU_RG1_PU_ARS\")\r\n$total : Summary(employee != null && employee.id == $empleado.id && summaryCode == \"ITAU\" && quantity <= $p.maxValue)','Integer factor = 1; \r\nif (additionalValues.containsKey(\"factorAltas\")) {\r\n	factor = (Integer) additionalValues.get(\"factorAltas\");\r\n}\r\nstatement.addLine(StatementLineType.RULE, $p.paramCategory, $p.currentDescription, $p.value, $total.quantity, $p.value * $total.quantity * factor, 80);','SALES','Altas - Tarjeta Itau Rango 1 (..10)',90),(38,1,'',NULL,'2014-06-28 20:59:25','MVEL',NULL,'2014-07-07 00:17:12','$empleado : Employee()\r\n$p : Parameter(paramCode == \"VTA_ITAU_RG2_PU_ARS\")\r\n$total : Summary(employee != null && employee.id == $empleado.id && summaryCode == \"ITAU\" && quantity >= $p.minValue && quantity <= $p.maxValue)','Integer factor = (Integer) additionalValues.get(\"factorAltas\");Integer factor = 1; \r\nif (additionalValues.containsKey(\"factorAltas\")) {\r\n	factor = (Integer) additionalValues.get(\"factorAltas\");\r\n}\r\nstatement.addLine(StatementLineType.RULE, $p.paramCategory, $p.currentDescription, $p.value, $total.quantity, $p.value * $total.quantity * factor, 81);','SALES','Altas - Tarjeta Itau Rango 2 (10-20)',90),(39,1,'',NULL,'2014-06-28 21:00:10','MVEL',NULL,'2014-07-07 00:17:31','$empleado : Employee()\r\n$p : Parameter(paramCode == \"VTA_ITAU_RG3_PU_ARS\")\r\n$total : Summary(employee != null && employee.id == $empleado.id && summaryCode == \"ITAU\" && quantity >= $p.minValue)','Integer factor = 1; \r\nif (additionalValues.containsKey(\"factorAltas\")) {\r\n	factor = (Integer) additionalValues.get(\"factorAltas\");\r\n}\r\nstatement.addLine(StatementLineType.RULE, $p.paramCategory, $p.currentDescription, $p.value, $total.quantity, $p.value * $total.quantity * factor, 82);','SALES','Altas - Tarjeta Itau Rango 3 (20..)',90),(40,2,'',NULL,'2014-06-28 21:00:55','MVEL',NULL,'2014-07-07 00:17:57','$empleado : Employee()\r\n$total : Summary(employee != null && employee.id == $empleado.id && summaryCode == \"PORT\")\r\n$p : Parameter(paramCode == \"VTA_PORT_PU_ARS\")','Integer factor = 1; \r\nif (additionalValues.containsKey(\"factorAltas\")) {\r\n	factor = (Integer) additionalValues.get(\"factorAltas\");\r\n}\r\nstatement.addLine(StatementLineType.RULE, $p.paramCategory, $p.currentDescription, $p.value, $total.quantity, $p.value * $total.quantity * factor, 90);','SALES','Altas - Portabilidades',90),(41,4,'',NULL,'2014-06-28 21:09:59','MVEL',NULL,'2014-07-11 10:31:33','$empleado : Employee()\r\n$total : Summary(employee != null && employee.id == $empleado.id && summaryCode == \"CASIM10\")\r\n$p : Parameter(paramCode == \"VTA_CASIMREPRO_PU_ARS\")','Integer factor = 1; \r\nif (additionalValues.containsKey(\"factorAltas\")) {\r\n	factor = (Integer) additionalValues.get(\"factorAltas\");\r\n}\r\nstatement.addLine(StatementLineType.RULE, $p.paramCategory, $p.currentDescription, $p.value, $total.quantity, $p.value * $total.quantity * factor, 99);','SALES','Altas - Casim /Repros ($ 50)',90),(42,5,'',NULL,'2014-06-28 21:51:53','MVEL',NULL,'2014-06-30 00:50:23','$empleado: Employee()\r\n$pQPREP : Parameter(paramCode == \"QVTA_IM_OP\")\r\n$pQLEC : Parameter(paramCode == \"QVTA_LEC_OP\")\r\n$pQVOZ : Parameter(paramCode == \"QVTA_ALTAS_VOZ_OP\")\r\n$pPrep : Summary(employee != null && employee.id == $empleado.id && summaryCode == \"PREP\")\r\n$pLec : Summary(employee != null && employee.id == $empleado.id && summaryCode == \"LEC\")\r\n$pAltasVoz : Summary(employee != null && employee.id == $empleado.id && summaryCode == \"ALTAS_DE_VOZ\")\r\n$pAltas : Summary(employee != null && employee.id == $empleado.id && summaryCode == \"ALTAS\")','Double altas = $pAltas.quantity;\r\nDouble qAltas = $pQPREP.value + $pQLEC.value + $pQVOZ.value;\r\nInteger employeeCount = $empleado.bu.employeeCount;\r\n	\r\nadditionalValues.put(\"QVTA_ALTAS\", qAltas);\r\n	\r\nstatement.addLine(StatementLineType.OBJECTIVE, StatementLineGroup.OBJ_Q, $pQPREP.currentDescription, $pQPREP.value, $pQPREP.value / employeeCount, $pPrep.quantity, 1);\r\nstatement.addLine(StatementLineType.OBJECTIVE, StatementLineGroup.OBJ_Q, $pQLEC.currentDescription, $pQLEC.value, $pQLEC.value / employeeCount, $pLec.quantity, 2);\r\nstatement.addLine(StatementLineType.OBJECTIVE, StatementLineGroup.OBJ_Q, $pQVOZ.currentDescription, $pQVOZ.value, $pQVOZ.value / employeeCount, $pAltasVoz.quantity, 3);\r\nstatement.addLine(StatementLineType.OBJECTIVE, StatementLineGroup.OBJ_Q, \"Total ALTAS (ALTAS DE VOZ / LEC / PREPAGOS / IM / 2x1)\", qAltas, qAltas / employeeCount, $pAltas.quantity, 4);','OBJ_Q','Totalizacion por desempeno individual',85),(43,15,'',NULL,'2014-06-28 21:56:39','MVEL',NULL,'2014-06-30 23:02:38','$empleado : Employee()\r\n$p : Parameter(paramCode == \"QIND_ALTAS_RG1_BON_ARS\")\r\n$total : Summary(employee != null && employee.id == $empleado.id && summaryCode == \"ALTAS\")','Double qAltas = (Double) additionalValues.get(\"QVTA_ALTAS\");\r\nDouble performance = $total.quantity * 100.0 / (qAltas / $empleado.bu.employeeCount);\r\nInteger factor = 0;\r\nif ((performance >= $p.minValue) && (performance < $p.maxValue)) {\r\n	factor = 1;\r\n}\r\nstatement.addLine(StatementLineType.RULE, $p.paramCategory, $p.currentDescription, $p.value, null, $p.value * factor, 10);','INDIVIDUAL_INCENTIVE','Incentivos  Individuales - Altas 100% Q',80),(44,20,'',NULL,'2014-06-28 21:58:14','MVEL',NULL,'2014-06-30 23:02:54','$empleado : Employee()\r\n$p : Parameter(paramCode == \"QIND_ALTAS_RG2_BON_ARS\")\r\n$total : Summary(employee != null && employee.id == $empleado.id && summaryCode == \"ALTAS\")\r\n$pQPREP : Parameter(paramCode == \"QVTA_IM_OP\")\r\n$pQLEC : Parameter(paramCode == \"QVTA_LEC_OP\")\r\n$pQVOZ : Parameter(paramCode == \"QVTA_ALTAS_VOZ_OP\")','//Double qPosAltas = (Double) additionalValues.get(\"QVTA_ALTAS\");\r\nDouble qPosAltas = $pQPREP.value + $pQLEC.value + $pQVOZ.value;\r\nDouble qEmpAltas = qPosAltas / $empleado.bu.employeeCount;\r\nDouble performance = $total.quantity * 100.0 / qEmpAltas;\r\nInteger factor = 0;\r\nif (performance >= $p.minValue) {\r\n	factor = 1;\r\n}\r\nstatement.addLine(StatementLineType.RULE, $p.paramCategory, $p.currentDescription, $p.value, null, $p.value * factor, 11);','INDIVIDUAL_INCENTIVE','Incentivos  Individuales - Altas 120% Q',80),(45,1,'',NULL,'2014-06-28 22:07:04','MVEL',NULL,'2014-07-07 00:20:35','$empleado : Employee()\r\n	$total : Summary(employee != null && employee.id == $empleado.id && summaryCode == \"LEC\")\r\n$p : Parameter(paramCode == \"QIND_LEC_PU_ARS\")\r\n$q : Parameter(paramCode == \"QVTA_LEC_OP\")','Double performance = $total.quantity * 100.0 / ($q.value / $empleado.bu.employeeCount);\r\nInteger factor = 0;\r\nif (performance >= $p.getMinValue()) {\r\n	factor = 1;\r\n}\r\nstatement.addLine(StatementLineType.RULE, $p.paramCategory, $p.currentDescription, $p.value, $total.quantity, $p.value * $total.quantity * factor, 20);','INDIVIDUAL_INCENTIVE','Incentivos  Individuales - LEC 100% Q',80),(46,2,'',NULL,'2014-06-28 22:18:21','MVEL',NULL,'2014-07-07 00:21:56','$empleado : Employee()\r\n$pQPREP : Parameter(paramCode == \"QVTA_IM_OP\")\r\n$pQLEC : Parameter(paramCode == \"QVTA_LEC_OP\")\r\n$pQVOZ : Parameter(paramCode == \"QVTA_ALTAS_VOZ_OP\")\r\n$total : Summary(employee != null && employee.id == $empleado.id && summaryCode == \"ALTAS\")\r\n$totalBu : Summary(bu == $empleado.bu && summaryCode == \"ALTAS\" && quantity < ($pQPREP.value + $pQLEC.value + $pQVOZ.value))\r\n$p : Parameter(paramCode == \"QIND_ALTAS_VOZ_PU_ARS\")\r\n$totalVoz : Summary(employee != null && employee.id == $empleado.id && summaryCode == \"ALTAS_DE_VOZ\")','Double performance = $total.quantity * 100.0 / (($pQPREP.value + $pQLEC.value + $pQVOZ.value) / $empleado.bu.employeeCount);\r\nInteger factor = 0;\r\nif (performance >= $p.minValue) {\r\n	factor = 1;\r\n}\r\nstatement.addLine(StatementLineType.RULE, $p.paramCategory, $p.currentDescription, $p.value, $totalVoz.quantity, $p.value * $totalVoz.quantity * factor, 30);','INDIVIDUAL_INCENTIVE','Incentivos  Individuales - Altas de Voz 100% Q',80),(47,5,'',NULL,'2014-06-28 22:19:17','MVEL',NULL,'2014-07-07 00:23:27','$empleado : Employee()\r\n$pQPREP : Parameter(paramCode == \"QVTA_IM_OP\")\r\n$pQLEC : Parameter(paramCode == \"QVTA_LEC_OP\")\r\n$pQVOZ : Parameter(paramCode == \"QVTA_ALTAS_VOZ_OP\")\r\n$total : Summary(employee != null && employee.id == $empleado.id && summaryCode == \"ALTAS\")\r\n$totalBu : Summary(bu == $empleado.bu && summaryCode == \"ALTAS\")\r\n$p : Parameter(paramCode == \"QVTA_ALTAS_VOZ_PU_ARS\")\r\n$totalVoz : Summary(employee != null && employee.id == $empleado.id && summaryCode == \"ALTAS_DE_VOZ\")','Double performance = $total.quantity * 100.0 / (($pQPREP.value + $pQLEC.value + $pQVOZ.value) / $empleado.bu.employeeCount);\r\nInteger factor = 0;\r\nif ((performance >= $p.minValue) && ($totalBu.quantity >= ($pQPREP.value + $pQLEC.value + $pQVOZ.value))) {\r\n	factor = 1;\r\n}\r\nstatement.addLine(StatementLineType.RULE, $p.paramCategory, $p.currentDescription, $p.value, $totalVoz.quantity, $p.value * $totalVoz.quantity * factor, 31);','INDIVIDUAL_INCENTIVE','Incentivos  Individuales - Altas de Voz 100% Q y Q Punto de Venta',80),(48,29,'',NULL,'2014-06-28 22:21:27','MVEL',NULL,'2014-08-12 21:13:18','$empleado : Employee()\r\n$p : Parameter(paramCode == \"IVTA_ALTAS_RG1_BON_ARS\")\r\n$totalBu : Summary(bu == $empleado.bu && summaryCode == \"ALTAS_Y_CATER\")\r\n$total : Summary(employee != null && employee.id == $empleado.id && summaryCode == \"ALTAS_Y_CATER\")','Integer factor = 0;\r\nif (($totalBu.quantity >= $p.minValue) && (($p.maxValue == null) || ($totalBu.quantity < $p.maxValue))) {\r\n	factor = 1;\r\n}\r\nDouble performance = 0.0;\r\nif ($totalBu.quantity > 0) {\r\n	performance = 1.0 * $total.quantity / $totalBu.quantity;\r\n}\r\nstatement.addLine(StatementLineType.RULE, $p.paramCategory, $p.currentDescription, $p.value, $totalBu.quantity, $p.value * performance * factor, 10);','POS_INCENTIVE','Incentivos  Punto de Venta - X Altas Proporcional',70),(49,10,'',NULL,'2014-06-28 22:22:40','MVEL',NULL,'2014-08-12 21:05:37','$empleado : Employee()\r\n$p : Parameter(paramCode == \"IVTA_ALTAS_RG2_BON_ARS\")\r\n$totalBu : Summary(bu == $empleado.bu && summaryCode == \"ALTAS_Y_CATER\")\r\n$total : Summary(employee != null && employee.id == $empleado.id && summaryCode == \"ALTAS_Y_CATER\")','Integer factor = 0;\r\nif ($totalBu.quantity >= $p.minValue) {\r\n	factor = 1;\r\n}\r\nDouble performance = 0.0;\r\nif ($totalBu.quantity > 0) {\r\n	performance = 1.0 * $total.quantity / $totalBu.quantity;\r\n}\r\nstatement.addLine(StatementLineType.RULE, $p.paramCategory, $p.currentDescription, $p.value, $totalBu.quantity, $p.value * performance * factor, 11);','POS_INCENTIVE','Incentivos  Punto de Venta - XX Altas Proporcional',70),(50,3,'',NULL,'2014-06-28 22:25:35','MVEL',NULL,'2014-08-12 20:26:48','$empleado : Employee()\r\n$p : Parameter(paramCode == \"BAJAS_IM_PU_ARS\")\r\n$total : Summary(employee != null && employee.id == $empleado.id && summaryCode == \"IM_BAJAS\")','statement.addLine(StatementLineType.RULE, $p.paramCategory, $p.currentDescription, $p.value, $total.quantity, $p.value * $total.quantity, 10);','DEDUCTIONS','Bajas - IM',60),(51,1,'',NULL,'2014-06-28 22:26:14','MVEL',NULL,'2014-07-07 00:25:10','$empleado : Employee()\r\n$p : Parameter(paramCode == \"BAJAS_LEC_PU_ARS\")\r\n$total : Summary(employee != null && employee.id == $empleado.id && summaryCode == \"LEC_BAJAS\")','statement.addLine(StatementLineType.RULE, $p.paramCategory, $p.currentDescription, $p.value, $total.quantity, $p.value * $total.quantity, 20);','DEDUCTIONS','Bajas - MEC',60),(52,1,'',NULL,'2014-06-28 22:26:56','MVEL',NULL,'2014-07-07 00:25:28','$empleado : Employee()\r\n$p : Parameter(paramCode == \"BAJA_PLAN_PU_ARS\")\r\n$total : Summary(employee != null && employee.id == $empleado.id && summaryCode == \"PLAN_BAJAS\")','statement.addLine(StatementLineType.RULE, $p.paramCategory, $p.currentDescription, $p.value, $total.quantity, $p.value * $total.quantity, 30);','DEDUCTIONS','Bajas - Planes Interno/Externo',60),(53,1,'',NULL,'2014-06-28 22:27:39','MVEL',NULL,'2014-07-07 00:25:41','$empleado : Employee()\r\n$p : Parameter(paramCode == \"BAJA_CPLANFULL_PU_ARS\")\r\n$total : Summary(employee != null && employee.id == $empleado.id && summaryCode == \"FULL_BAJAS\")','statement.addLine(StatementLineType.RULE, $p.paramCategory, $p.currentDescription, $p.value, $total.quantity, $p.value * $total.quantity, 40);','DEDUCTIONS','Bajas - CDP a planes Full',60),(54,1,'',NULL,'2014-06-28 22:28:18','MVEL',NULL,'2014-07-07 00:25:53','$empleado : Employee()\r\n$p : Parameter(paramCode == \"BAJA_RECLAMOS_PU_ARS\")\r\n$total : Summary(employee != null && employee.id == $empleado.id && summaryCode == \"RECLAMOS\")','statement.addLine(StatementLineType.RULE, $p.paramCategory, $p.currentDescription, $p.value, $total.quantity, $p.value * $total.quantity, 50);','DEDUCTIONS','Bajas - Observaciones (Reclamos)',60),(55,1,'',NULL,'2014-06-28 22:28:55','MVEL',NULL,'2014-07-07 00:26:06','$empleado : Employee()\r\n$p : Parameter(paramCode == \"BAJA_FRAUDES\")\r\n$total : Summary(employee != null && employee.id == $empleado.id && summaryCode == \"FRAUDES\")','statement.addLine(StatementLineType.RULE, $p.paramCategory, $p.currentDescription, $p.value, $total.quantity, $p.value * $total.quantity, 60);','DEDUCTIONS','Bajas - Debitos por fraudes',60),(56,1,'',NULL,'2014-06-28 22:29:25','MVEL',NULL,'2014-07-07 00:26:47','$empleado : Employee()\r\n$total : Summary(employee != null && employee.id == $empleado.id && summaryCode == \"DIF_PRECIOS\")','statement.addLine(StatementLineType.RULE, StatementLineGroup.DEDUCTIONS, \"Diferencias de precio\", null, null, $total.quantity, 70);','DEDUCTIONS','Bajas - Diferencias de precio',60),(57,3,'',NULL,'2014-06-29 21:18:58','MVEL',NULL,'2014-07-07 00:27:12','$empleado : Employee()\r\n$total : Summary(employee != null && employee.id == $empleado.id && summaryCode == \"SUELDO_NETO\")\r\n$p : Parameter(paramCode == \"SUELDO_NETO\")','statement.addLine(StatementLineType.RULE, $p.paramCategory, $p.currentDescription, null, null, $total.quantity, 1);','OTHERS','Sueldo Neto Cobrado',90),(58,3,'',NULL,'2014-06-29 21:21:34','MVEL',NULL,'2014-07-07 00:27:34','$empleado : Employee()\r\n$total : Summary(employee != null && employee.id == $empleado.id && summaryCode == \"SUELDO_NETO\")\r\n$p : Parameter(paramCode == \"SUELDO_NETO\")','statement.addLine(StatementLineType.RULE, StatementLineGroup.DEDUCTIONS, $p.currentDescription, null, null, -$total.quantity, 1);','DEDUCTIONS','Bajas - Sueldo Neto',60),(59,0,'',NULL,'2014-07-01 00:33:17','MVEL',NULL,'2014-07-01 00:33:17','$empleado : Employee()\r\n$p : Parameter(paramCode == \"ROUND\")','Double top = ((long) Math.round(statement.total / 10.0)) * 10.0;\r\nDouble round = top - statement.total;\r\nstatement.addLine(StatementLineType.RULE, $p.paramCategory, $p.currentDescription, null, null, round, 10);','FIXED','Redondeo',10),(60,1,'',NULL,'2014-07-10 13:17:50','MVEL',NULL,'2014-07-10 13:18:09','$empleado: Employee()','if (statement.total < 0.0) {\r\n	Double dueBalance = -statement.total;\r\n	statement.dueBalance = dueBalance;\r\n	statement.total += dueBalance;\r\n}','FIXED','Balance Negativo',20),(61,0,'',NULL,'2014-07-10 14:01:41','MVEL',NULL,'2014-07-10 14:01:41','$empleado : Employee()\r\n$total : Summary(employee != null && employee.id == $empleado.id && summaryCode == \"SALDO_JAG\")\r\n$p : Parameter(paramCode == \"SALDO_JAG\")','statement.addLine(StatementLineType.RULE, $p.paramCategory, $p.currentDescription, null, null, $total.quantity, 2);','DEDUCTIONS','Saldo a favor de JAG mes anterior',60),(62,0,'',NULL,'2014-08-12 00:15:41','MVEL',NULL,'2014-08-12 00:15:41','$empleado : Employee()\r\n$total : Summary(bu == $empleado.bu.father && summaryCode == \"IEM_ALTAS\")\r\n$p : Parameter(paramCode == \"PUNTOS_ALTAS_IEM_PU_PTS\")','statement.addLine(StatementLineType.RULE, $p.paramCategory, $p.currentDescription, $p.value, $total.quantity, $p.value * $total.quantity, 10);','POINTS','Puntos - Altas IEM (1 nivel superior)',99),(63,0,'',NULL,'2014-08-12 00:16:02','MVEL',NULL,'2014-08-12 00:16:02','$empleado : Employee()\r\n$total : Summary(bu == $empleado.bu.father && summaryCode == \"IEM_BAJAS\")\r\n$p : Parameter(paramCode == \"PUNTOS_BAJAS_IEM_PU_PTS\")','statement.addLine(StatementLineType.RULE, $p.paramCategory, $p.currentDescription, $p.value, $total.quantity, $p.value * $total.quantity, 11);','POINTS','Puntos - Bajas IEM (1 nivel superior)',99),(64,0,'',NULL,'2014-08-12 00:16:21','MVEL',NULL,'2014-08-12 00:16:21','$empleado : Employee()\r\n$total : Summary(bu == $empleado.bu.father && summaryCode == \"CPLAN_ALTAS\")\r\n$p : Parameter(paramCode == \"PUNTOS_ALTAS_CPLAN_PTS\")','statement.addLine(StatementLineType.RULE, $p.paramCategory, $p.currentDescription, $p.value, $total.quantity, $p.value * $total.quantity, 20);','POINTS','Puntos - Altas Cambios de Plan (1 nivel superior)',99),(65,0,'',NULL,'2014-08-12 00:16:41','MVEL',NULL,'2014-08-12 00:16:41','$empleado : Employee()\r\n$total : Summary(bu == $empleado.bu.father && summaryCode == \"CPLAN_BAJAS\")\r\n$p : Parameter(paramCode == \"PUNTOS_BAJAS_CPLAN_PU_PTS\")','statement.addLine(StatementLineType.RULE, $p.paramCategory, $p.currentDescription, $p.value, $total.quantity, $p.value * $total.quantity, 21);','POINTS','Puntos - Bajas Cambios de Plan (1 nivel superior)',99),(66,0,'',NULL,'2014-08-12 00:17:02','MVEL',NULL,'2014-08-12 00:17:02','$empleado : Employee()\r\n$total : Summary(bu == $empleado.bu.father && summaryCode == \"SVC_ALTAS\")\r\n$p : Parameter(paramCode == \"PUNTOS_ALTAS_SVC_PU_PTS\")','statement.addLine(StatementLineType.RULE, $p.paramCategory, $p.currentDescription, $p.value, $total.quantity, $p.value * $total.quantity, 30);','POINTS','Puntos - Altas Paquetes de Servicio (1 nivel superior)',99),(67,0,'',NULL,'2014-08-12 00:17:25','MVEL',NULL,'2014-08-12 00:17:25','$empleado : Employee()\r\n$total : Summary(bu == $empleado.bu.father && summaryCode == \"SVC_BAJAS\")\r\n$p : Parameter(paramCode == \"PUNTOS_BAJAS_SVC_PU_PTS\")','statement.addLine(StatementLineType.RULE, $p.paramCategory, $p.currentDescription, $p.value, $total.quantity, $p.value * $total.quantity, 31);','POINTS','Puntos - Bajas Paquetes de Servicio (1 nivel superior)',99),(68,0,'',NULL,'2014-08-12 00:17:44','MVEL',NULL,'2014-08-12 00:17:44','$empleado : Employee()\r\n$total : Summary(bu == $empleado.bu.father && summaryCode == \"GTIA_ALTAS\")\r\n$p : Parameter(paramCode == \"PUNTOS_ALTAS_GTIA_PU_PTS\")','statement.addLine(StatementLineType.RULE, $p.paramCategory, $p.currentDescription, $p.value, $total.quantity, $p.value * $total.quantity, 40);','POINTS','Puntos - Altas Garantias (1 nivel superior)',99),(69,0,'',NULL,'2014-08-12 00:18:01','MVEL',NULL,'2014-08-12 00:18:01','$empleado : Employee()\r\n$total : Summary(bu == $empleado.bu.father && summaryCode == \"GTIA_BAJAS\")\r\n$p : Parameter(paramCode == \"PUNTOS_BAJAS_GTIA_PU_PTS\")','statement.addLine(StatementLineType.RULE, $p.paramCategory, $p.currentDescription, $p.value, $total.quantity, $p.value * $total.quantity, 41);','POINTS','Puntos - Bajas Garantias (1 nivel superior)',99),(70,0,'',NULL,'2014-08-12 00:18:24','MVEL',NULL,'2014-08-12 00:18:24','$empleado : Employee()\r\n$total : Summary(bu == $empleado.bu.father && summaryCode == \"MIG_ALTAS\")\r\n$p : Parameter(paramCode == \"PUNTOS_ALTAS_MIGPOS_PU_PTS\")','statement.addLine(StatementLineType.RULE, $p.paramCategory, $p.currentDescription, $p.value, $total.quantity, $p.value * $total.quantity, 50);','POINTS','Puntos - Altas Migraciones Positivas (1 nivel superior)',99),(71,0,'',NULL,'2014-08-12 00:18:43','MVEL',NULL,'2014-08-12 00:18:43','$empleado : Employee()\r\n$total : Summary(bu == $empleado.bu.father && summaryCode == \"MIG_BAJAS\")\r\n$p : Parameter(paramCode == \"PUNTOS_BAJAS_MIGPOS_PU_PTS\")','statement.addLine(StatementLineType.RULE, $p.paramCategory, $p.currentDescription, $p.value, $total.quantity, $p.value * $total.quantity, 51);','POINTS','Puntos - Bajas Migraciones Positivas (1 nivel superior)',99),(72,0,'',NULL,'2014-08-12 00:19:12','MVEL',NULL,'2014-08-12 00:19:12','$empleado : Employee()\r\n$total : Summary(bu == $empleado.bu.father && summaryCode == \"CATER_POS_ALTAS\")\r\n$p : Parameter(paramCode == \"PUNTOS_ALTAS_CATERPOS_PU_PTS\")','statement.addLine(StatementLineType.RULE, $p.paramCategory, $p.currentDescription, $p.value, $total.quantity, $p.value * $total.quantity, 60);','POINTS','Puntos - Altas CATER Pospago (1 nivel superior)',99),(73,0,'',NULL,'2014-08-12 00:19:33','MVEL',NULL,'2014-08-12 00:19:33','$empleado : Employee()\r\n$total : Summary(bu == $empleado.bu.father && summaryCode == \"CATER_POS_BAJAS\")\r\n$p : Parameter(paramCode == \"PUNTOS_BAJAS_CATERPOS_PU_PTS\")','statement.addLine(StatementLineType.RULE, $p.paramCategory, $p.currentDescription, $p.value, $total.quantity, $p.value * $total.quantity, 61);','POINTS','Puntos - Bajas CATER Pospago (1 nivel superior)',99),(74,0,'',NULL,'2014-08-12 00:20:01','MVEL',NULL,'2014-08-12 00:20:01','$empleado : Employee()\r\n$total : Summary(bu == $empleado.bu.father && summaryCode == \"CATER_PRE_ALTAS\")\r\n$p : Parameter(paramCode == \"PUNTOS_ALTAS_CATERPRE_PU_PTS\")','statement.addLine(StatementLineType.RULE, $p.paramCategory, $p.currentDescription, $p.value, $total.quantity, $p.value * $total.quantity, 70);','POINTS','Puntos - Altas CATER Prepago (1 nivel superior)',99),(75,0,'',NULL,'2014-08-12 00:20:18','MVEL',NULL,'2014-08-12 00:20:18','$empleado : Employee()\r\n$total : Summary(bu == $empleado.bu.father && summaryCode == \"CATER_PRE_BAJAS\")\r\n$p : Parameter(paramCode == \"PUNTOS_BAJAS_CATERPRE_PU_PTS\")','statement.addLine(StatementLineType.RULE, $p.paramCategory, $p.currentDescription, $p.value, $total.quantity, $p.value * $total.quantity, 71);','POINTS','Puntos - Bajas CATER Prepago (1 nivel superior)',99),(76,0,'',NULL,'2014-08-12 00:20:42','MVEL',NULL,'2014-08-12 00:20:42','$empleado : Employee()\r\n$total : Summary(bu == $empleado.bu.father && summaryCode == \"CASIM_POS_ALTAS\")\r\n$p : Parameter(paramCode == \"PUNTOS_ALTAS_CASIMPOS_PU_PTS\")','statement.addLine(StatementLineType.RULE, $p.paramCategory, $p.currentDescription, $p.value, $total.quantity, $p.value * $total.quantity, 80);','POINTS','Puntos - Altas CASIM Pospago (1 nivel superior)',99),(77,0,'',NULL,'2014-08-12 00:21:04','MVEL',NULL,'2014-08-12 00:21:04','$empleado : Employee()\r\n$total : Summary(bu == $empleado.bu.father && summaryCode == \"CASIM_POS_BAJAS\")\r\n$p : Parameter(paramCode == \"PUNTOS_BAJAS_CASIMPOS_PU_PTS\")','statement.addLine(StatementLineType.RULE, $p.paramCategory, $p.currentDescription, $p.value, $total.quantity, $p.value * $total.quantity, 81);','POINTS','Puntos - Bajas CASIM Pospago (1 nivel superior)',99),(78,0,'',NULL,'2014-08-12 00:21:26','MVEL',NULL,'2014-08-12 00:21:26','$empleado : Employee()\r\n$total : Summary(bu == $empleado.bu.father && summaryCode == \"CASIM_PRE_ALTAS\")\r\n$p : Parameter(paramCode == \"PUNTOS_ALTAS_CASIMPRE_PU_PTS\")','statement.addLine(StatementLineType.RULE, $p.paramCategory, $p.currentDescription, $p.value, $total.quantity, $p.value * $total.quantity, 90);','POINTS','Puntos - Altas CASIM Prepago (1 nivel superior)',99),(79,0,'',NULL,'2014-08-12 00:21:50','MVEL',NULL,'2014-08-12 00:21:50','$empleado : Employee()\r\n$total : Summary(bu == $empleado.bu.father && summaryCode == \"CASIM_PRE_BAJAS\")\r\n$p : Parameter(paramCode == \"PUNTOS_BAJAS_CASIMPRE_PU_PTS\")','statement.addLine(StatementLineType.RULE, $p.paramCategory, $p.currentDescription, $p.value, $total.quantity, $p.value * $total.quantity, 91);','POINTS','Puntos - Bajas CASIM Prepago (1 nivel superior)',99),(80,0,'',NULL,'2014-08-12 00:22:05','MVEL',NULL,'2014-08-12 00:22:05','$empleado : Employee()\r\n$total : Summary(bu == $empleado.bu.father && summaryCode == \"BONOS_ALTAS\")\r\n$p : Parameter(paramCode == \"PUNTOS_ALTAS_BONOS_PU_PTS\")','statement.addLine(StatementLineType.RULE, $p.paramCategory, $p.currentDescription, $p.value, $total.quantity, $p.value * $total.quantity, 100);','POINTS','Puntos - Altas Bonos (1 nivel superior)',99),(81,0,'',NULL,'2014-08-12 00:22:20','MVEL',NULL,'2014-08-12 00:22:20','$empleado : Employee()\r\n$total : Summary(bu == $empleado.bu.father && summaryCode == \"BONOS_BAJAS\")\r\n$p : Parameter(paramCode == \"PUNTOS_BAJAS_BONOS_PU_PTS\")','statement.addLine(StatementLineType.RULE, $p.paramCategory, $p.currentDescription, $p.value, $total.quantity, $p.value * $total.quantity, 101);','POINTS','Puntos - Bajas Bonos (1 nivel superior)',99),(82,0,'',NULL,'2014-08-12 00:22:42','MVEL',NULL,'2014-08-12 00:22:42','$empleado : Employee()\r\n$total : Summary(bu == $empleado.bu.father && summaryCode == \"MTALK_ALTAS\")\r\n$p : Parameter(paramCode == \"PUNTOS_ALTAS_MT_PU_PTS\")','statement.addLine(StatementLineType.RULE, $p.paramCategory, $p.currentDescription, $p.value, $total.quantity, $p.value * $total.quantity, 110);','POINTS','Puntos - Altas Movitalk (1 nivel superior)',99),(83,0,'',NULL,'2014-08-12 00:23:00','MVEL',NULL,'2014-08-12 00:23:00','$empleado : Employee()\r\n$total : Summary(bu == $empleado.bu.father && summaryCode == \"MTALK_BAJAS\")\r\n$p : Parameter(paramCode == \"PUNTOS_BAJAS_MT_PU_PTS\")','statement.addLine(StatementLineType.RULE, $p.paramCategory, $p.currentDescription, $p.value, $total.quantity, $p.value * $total.quantity, 111);','POINTS','Puntos - Bajas Movitalk (1 nivel superior)',99),(84,0,'',NULL,'2014-08-12 01:00:15','MVEL',NULL,'2014-08-12 01:00:15','$empleado : Employee()\r\n$total : Summary(bu == $empleado.bu.father.father && summaryCode == \"IEM_ALTAS\")\r\n$p : Parameter(paramCode == \"PUNTOS_ALTAS_IEM_PU_PTS\")','statement.addLine(StatementLineType.RULE, $p.paramCategory, $p.currentDescription, $p.value, $total.quantity, $p.value * $total.quantity, 10);','POINTS','Puntos - Altas IEM (2 niveles superiores)',99),(85,0,'',NULL,'2014-08-12 01:00:31','MVEL',NULL,'2014-08-12 01:00:31','$empleado : Employee()\r\n$total : Summary(bu == $empleado.bu.father.father && summaryCode == \"IEM_BAJAS\")\r\n$p : Parameter(paramCode == \"PUNTOS_BAJAS_IEM_PU_PTS\")','statement.addLine(StatementLineType.RULE, $p.paramCategory, $p.currentDescription, $p.value, $total.quantity, $p.value * $total.quantity, 11);','POINTS','Puntos - Bajas IEM (2 niveles superiores)',99),(86,0,'',NULL,'2014-08-12 01:04:19','MVEL',NULL,'2014-08-12 01:04:19','$empleado : Employee()\r\n$total : Summary(bu == $empleado.bu.father.father && summaryCode == \"CPLAN_ALTAS\")\r\n$p : Parameter(paramCode == \"PUNTOS_ALTAS_CPLAN_PTS\")','statement.addLine(StatementLineType.RULE, $p.paramCategory, $p.currentDescription, $p.value, $total.quantity, $p.value * $total.quantity, 20);','POINTS','Puntos - Altas Cambios de Plan (2 niveles superiores)',99),(87,0,'',NULL,'2014-08-12 01:04:41','MVEL',NULL,'2014-08-12 01:04:41','$empleado : Employee()\r\n$total : Summary(bu == $empleado.bu.father.father && summaryCode == \"CPLAN_BAJAS\")\r\n$p : Parameter(paramCode == \"PUNTOS_BAJAS_CPLAN_PU_PTS\")','statement.addLine(StatementLineType.RULE, $p.paramCategory, $p.currentDescription, $p.value, $total.quantity, $p.value * $total.quantity, 21);','POINTS','Puntos - Bajas Cambios de Plan (2 niveles superiores)',99),(88,0,'',NULL,'2014-08-12 01:05:01','MVEL',NULL,'2014-08-12 01:05:01','$empleado : Employee()\r\n$total : Summary(bu == $empleado.bu.father.father && summaryCode == \"SVC_ALTAS\")\r\n$p : Parameter(paramCode == \"PUNTOS_ALTAS_SVC_PU_PTS\")','statement.addLine(StatementLineType.RULE, $p.paramCategory, $p.currentDescription, $p.value, $total.quantity, $p.value * $total.quantity, 30);','POINTS','Puntos - Altas Paquetes de Servicio (2 niveles superiores)',99),(89,0,'',NULL,'2014-08-12 01:05:26','MVEL',NULL,'2014-08-12 01:05:26','$empleado : Employee()\r\n$total : Summary(bu == $empleado.bu.father.father && summaryCode == \"SVC_BAJAS\")\r\n$p : Parameter(paramCode == \"PUNTOS_BAJAS_SVC_PU_PTS\")','statement.addLine(StatementLineType.RULE, $p.paramCategory, $p.currentDescription, $p.value, $total.quantity, $p.value * $total.quantity, 31);','POINTS','Puntos - Bajas Paquetes de Servicio (2 niveles superiores)',99),(90,0,'',NULL,'2014-08-12 01:05:41','MVEL',NULL,'2014-08-12 01:05:41','$empleado : Employee()\r\n$total : Summary(bu == $empleado.bu.father.father && summaryCode == \"GTIA_ALTAS\")\r\n$p : Parameter(paramCode == \"PUNTOS_ALTAS_GTIA_PU_PTS\")','statement.addLine(StatementLineType.RULE, $p.paramCategory, $p.currentDescription, $p.value, $total.quantity, $p.value * $total.quantity, 40);','POINTS','Puntos - Altas Garantias (2 niveles superiores)',99),(91,0,'',NULL,'2014-08-12 01:05:56','MVEL',NULL,'2014-08-12 01:05:56','$empleado : Employee()\r\n$total : Summary(bu == $empleado.bu.father.father && summaryCode == \"GTIA_BAJAS\")\r\n$p : Parameter(paramCode == \"PUNTOS_BAJAS_GTIA_PU_PTS\")','statement.addLine(StatementLineType.RULE, $p.paramCategory, $p.currentDescription, $p.value, $total.quantity, $p.value * $total.quantity, 41);','POINTS','Puntos - Bajas Garantias (2 niveles superiores)',99),(92,0,'',NULL,'2014-08-12 01:06:18','MVEL',NULL,'2014-08-12 01:06:18','$empleado : Employee()\r\n$total : Summary(bu == $empleado.bu.father.father && summaryCode == \"MIG_ALTAS\")\r\n$p : Parameter(paramCode == \"PUNTOS_ALTAS_MIGPOS_PU_PTS\")','statement.addLine(StatementLineType.RULE, $p.paramCategory, $p.currentDescription, $p.value, $total.quantity, $p.value * $total.quantity, 50);','POINTS','Puntos - Altas Migraciones Positivas (2 niveles superiores)',99),(93,0,'',NULL,'2014-08-12 01:06:36','MVEL',NULL,'2014-08-12 01:06:36','$empleado : Employee()\r\n$total : Summary(bu == $empleado.bu.father.father && summaryCode == \"MIG_BAJAS\")\r\n$p : Parameter(paramCode == \"PUNTOS_BAJAS_MIGPOS_PU_PTS\")','statement.addLine(StatementLineType.RULE, $p.paramCategory, $p.currentDescription, $p.value, $total.quantity, $p.value * $total.quantity, 51);','POINTS','Puntos - Bajas Migraciones Positivas (2 niveles superiores)',99),(94,0,'',NULL,'2014-08-12 01:07:07','MVEL',NULL,'2014-08-12 01:07:07','$empleado : Employee()\r\n$total : Summary(bu == $empleado.bu.father.father && summaryCode == \"CATER_POS_ALTAS\")\r\n$p : Parameter(paramCode == \"PUNTOS_ALTAS_CATERPOS_PU_PTS\")','statement.addLine(StatementLineType.RULE, $p.paramCategory, $p.currentDescription, $p.value, $total.quantity, $p.value * $total.quantity, 60);','POINTS','Puntos - Altas CATER Pospago (2 niveles superiores)',99),(95,0,'',NULL,'2014-08-12 01:07:29','MVEL',NULL,'2014-08-12 01:07:29','$empleado : Employee()\r\n$total : Summary(bu == $empleado.bu.father.father && summaryCode == \"CATER_POS_BAJAS\")\r\n$p : Parameter(paramCode == \"PUNTOS_BAJAS_CATERPOS_PU_PTS\")','statement.addLine(StatementLineType.RULE, $p.paramCategory, $p.currentDescription, $p.value, $total.quantity, $p.value * $total.quantity, 61);','POINTS','Puntos - Bajas CATER Pospago (2 niveles superiores)',99),(96,0,'',NULL,'2014-08-12 01:07:55','MVEL',NULL,'2014-08-12 01:07:55','$empleado : Employee()\r\n$total : Summary(bu == $empleado.bu.father.father && summaryCode == \"CATER_PRE_ALTAS\")\r\n$p : Parameter(paramCode == \"PUNTOS_ALTAS_CATERPRE_PU_PTS\")','statement.addLine(StatementLineType.RULE, $p.paramCategory, $p.currentDescription, $p.value, $total.quantity, $p.value * $total.quantity, 70);','POINTS','Puntos - Altas CATER Prepago (2 niveles superiores)',99),(97,0,'',NULL,'2014-08-12 01:08:36','MVEL',NULL,'2014-08-12 01:08:36','$empleado : Employee()\r\n$total : Summary(bu == $empleado.bu.father.father && summaryCode == \"CATER_PRE_BAJAS\")\r\n$p : Parameter(paramCode == \"PUNTOS_BAJAS_CATERPRE_PU_PTS\")','statement.addLine(StatementLineType.RULE, $p.paramCategory, $p.currentDescription, $p.value, $total.quantity, $p.value * $total.quantity, 71);','POINTS','Puntos - Bajas CATER Prepago (2 niveles superiores)',99),(98,0,'',NULL,'2014-08-12 01:09:18','MVEL',NULL,'2014-08-12 01:09:18','$empleado : Employee()\r\n$total : Summary(bu == $empleado.bu.father.father && summaryCode == \"CASIM_POS_ALTAS\")\r\n$p : Parameter(paramCode == \"PUNTOS_ALTAS_CASIMPOS_PU_PTS\")','statement.addLine(StatementLineType.RULE, $p.paramCategory, $p.currentDescription, $p.value, $total.quantity, $p.value * $total.quantity, 80);','POINTS','Puntos - Altas CASIM Pospago (2 niveles superiores)',99),(99,0,'',NULL,'2014-08-12 01:09:39','MVEL',NULL,'2014-08-12 01:09:39','$empleado : Employee()\r\n$total : Summary(bu == $empleado.bu.father.father && summaryCode == \"CASIM_POS_BAJAS\")\r\n$p : Parameter(paramCode == \"PUNTOS_BAJAS_CASIMPOS_PU_PTS\")','statement.addLine(StatementLineType.RULE, $p.paramCategory, $p.currentDescription, $p.value, $total.quantity, $p.value * $total.quantity, 81);','POINTS','Puntos - Bajas CASIM Pospago (2 niveles superiores)',99),(100,0,'',NULL,'2014-08-12 01:10:08','MVEL',NULL,'2014-08-12 01:10:08','$empleado : Employee()\r\n$total : Summary(bu == $empleado.bu.father.father && summaryCode == \"CASIM_PRE_ALTAS\")\r\n$p : Parameter(paramCode == \"PUNTOS_ALTAS_CASIMPRE_PU_PTS\")','statement.addLine(StatementLineType.RULE, $p.paramCategory, $p.currentDescription, $p.value, $total.quantity, $p.value * $total.quantity, 90);','POINTS','Puntos - Altas CASIM Prepago (2 niveles superiores)',99),(101,0,'',NULL,'2014-08-12 01:10:32','MVEL',NULL,'2014-08-12 01:10:32','$empleado : Employee()\r\n$total : Summary(bu == $empleado.bu.father.father && summaryCode == \"CASIM_PRE_BAJAS\")\r\n$p : Parameter(paramCode == \"PUNTOS_BAJAS_CASIMPRE_PU_PTS\")','statement.addLine(StatementLineType.RULE, $p.paramCategory, $p.currentDescription, $p.value, $total.quantity, $p.value * $total.quantity, 91);','POINTS','Puntos - Bajas CASIM Prepago (2 niveles superiores)',99),(102,0,'',NULL,'2014-08-12 01:10:51','MVEL',NULL,'2014-08-12 01:10:51','$empleado : Employee()\r\n$total : Summary(bu == $empleado.bu.father.father && summaryCode == \"BONOS_ALTAS\")\r\n$p : Parameter(paramCode == \"PUNTOS_ALTAS_BONOS_PU_PTS\")','statement.addLine(StatementLineType.RULE, $p.paramCategory, $p.currentDescription, $p.value, $total.quantity, $p.value * $total.quantity, 100);','POINTS','Puntos - Altas Bonos (2 niveles superiores)',99),(103,0,'',NULL,'2014-08-12 01:11:08','MVEL',NULL,'2014-08-12 01:11:08','$empleado : Employee()\r\n$total : Summary(bu == $empleado.bu.father.father && summaryCode == \"BONOS_BAJAS\")\r\n$p : Parameter(paramCode == \"PUNTOS_BAJAS_BONOS_PU_PTS\")','statement.addLine(StatementLineType.RULE, $p.paramCategory, $p.currentDescription, $p.value, $total.quantity, $p.value * $total.quantity, 101);','POINTS','Puntos - Bajas Bonos (2 niveles superiores)',99),(104,0,'',NULL,'2014-08-12 01:11:29','MVEL',NULL,'2014-08-12 01:11:29','$empleado : Employee()\r\n$total : Summary(bu == $empleado.bu.father.father && summaryCode == \"MTALK_ALTAS\")\r\n$p : Parameter(paramCode == \"PUNTOS_ALTAS_MT_PU_PTS\")','statement.addLine(StatementLineType.RULE, $p.paramCategory, $p.currentDescription, $p.value, $total.quantity, $p.value * $total.quantity, 110);','POINTS','Puntos - Altas Movitalk (2 niveles superiores)',99),(105,0,'',NULL,'2014-08-12 01:11:58','MVEL',NULL,'2014-08-12 01:11:58','$empleado : Employee()\r\n$total : Summary(bu == $empleado.bu.father.father && summaryCode == \"MTALK_BAJAS\")\r\n$p : Parameter(paramCode == \"PUNTOS_BAJAS_MT_PU_PTS\")','statement.addLine(StatementLineType.RULE, $p.paramCategory, $p.currentDescription, $p.value, $total.quantity, $p.value * $total.quantity, 111);','POINTS','Puntos - Bajas Movitalk (2 niveles superiores)',99);
/*!40000 ALTER TABLE `rule` ENABLE KEYS */;
UNLOCK TABLES;

--
-- Table structure for table `rule_set`
--

DROP TABLE IF EXISTS `rule_set`;
/*!40101 SET @saved_cs_client     = @@character_set_client */;
/*!40101 SET character_set_client = utf8 */;
CREATE TABLE `rule_set` (
  `id` bigint(20) NOT NULL AUTO_INCREMENT,
  `version` bigint(20) NOT NULL,
  `created_by` varchar(255) DEFAULT NULL,
  `creation_date` datetime DEFAULT NULL,
  `last_update_by` varchar(255) DEFAULT NULL,
  `last_update_date` datetime DEFAULT NULL,
  `rule_set_description` varchar(255) DEFAULT NULL,
  `rule_set_name` varchar(255) NOT NULL,
  `rule_set_globals` longtext NOT NULL,
  `rule_set_imports` longtext NOT NULL,
  `rule_set_package` varchar(255) NOT NULL,
  PRIMARY KEY (`id`),
  UNIQUE KEY `rule_set_name` (`rule_set_name`)
) ENGINE=InnoDB AUTO_INCREMENT=4 DEFAULT CHARSET=utf8;
/*!40101 SET character_set_client = @saved_cs_client */;

--
-- Dumping data for table `rule_set`
--

LOCK TABLES `rule_set` WRITE;
/*!40000 ALTER TABLE `rule_set` DISABLE KEYS */;
INSERT INTO `rule_set` VALUES (1,8,NULL,'2014-06-24 00:56:13',NULL,'2014-08-11 21:58:54','Liquidacion para el vendedor tipico','Vendedor Standard','global ar.com.burudos.sales.statement.EmployeeStatement statement\r\nglobal java.util.Map additionalValues','import ar.com.burudos.party.Employee;\r\nimport ar.com.burudos.sales.statement.Parameter;\r\nimport ar.com.burudos.sales.statement.EmployeeStatement;\r\nimport ar.com.burudos.sales.Summary;\r\nimport ar.com.burucps.sales.statement.StatementLineGroup; \r\nimport ar.com.burucps.sales.statement.StatementLineType;','package ar.com.burucps.sales.statement;'),(2,1,NULL,'2014-07-21 14:31:28',NULL,'2014-08-12 00:56:52','Liquidacion para el vendedor tipico, totalizando puntos por grupo de Puntos de Venta.','Vendedor Standard (1 Nivel Superior)','global ar.com.burudos.sales.statement.EmployeeStatement statement\r\nglobal java.util.Map additionalValues','import ar.com.burudos.party.Employee;\r\nimport ar.com.burudos.sales.statement.Parameter;\r\nimport ar.com.burudos.sales.statement.EmployeeStatement;\r\nimport ar.com.burudos.sales.Summary;\r\nimport ar.com.burucps.sales.statement.StatementLineGroup; \r\nimport ar.com.burucps.sales.statement.StatementLineType;','package ar.com.burucps.sales.statement;'),(3,1,NULL,'2014-07-21 14:47:12',NULL,'2014-08-12 01:12:55','Liquidacion para el vendedor tipico, totalizando puntos por Regi','Vendedor Standard (2 Niveles Superior)','global ar.com.burudos.sales.statement.EmployeeStatement statement\r\nglobal java.util.Map additionalValues','import ar.com.burudos.party.Employee;\r\nimport ar.com.burudos.sales.statement.Parameter;\r\nimport ar.com.burudos.sales.statement.EmployeeStatement;\r\nimport ar.com.burudos.sales.Summary;\r\nimport ar.com.burucps.sales.statement.StatementLineGroup; \r\nimport ar.com.burucps.sales.statement.StatementLineType;','package ar.com.burucps.sales.statement;');
/*!40000 ALTER TABLE `rule_set` ENABLE KEYS */;
UNLOCK TABLES;

--
-- Table structure for table `rule_set_rules`
--

DROP TABLE IF EXISTS `rule_set_rules`;
/*!40101 SET @saved_cs_client     = @@character_set_client */;
/*!40101 SET character_set_client = utf8 */;
CREATE TABLE `rule_set_rules` (
  `rule_set_id` bigint(20) NOT NULL,
  `rule_id` bigint(20) NOT NULL,
  PRIMARY KEY (`rule_set_id`,`rule_id`),
  KEY `FK72941D575AA810F0` (`rule_set_id`),
  KEY `FK72941D574215AE2B` (`rule_id`),
  CONSTRAINT `FK72941D574215AE2B` FOREIGN KEY (`rule_id`) REFERENCES `rule` (`id`),
  CONSTRAINT `FK72941D575AA810F0` FOREIGN KEY (`rule_set_id`) REFERENCES `rule_set` (`id`)
) ENGINE=InnoDB DEFAULT CHARSET=latin1;
/*!40101 SET character_set_client = @saved_cs_client */;

--
-- Dumping data for table `rule_set_rules`
--

LOCK TABLES `rule_set_rules` WRITE;
/*!40000 ALTER TABLE `rule_set_rules` DISABLE KEYS */;
INSERT INTO `rule_set_rules` VALUES (1,1),(1,2),(1,3),(1,4),(1,5),(1,6),(1,7),(1,8),(1,9),(1,10),(1,11),(1,12),(1,13),(1,14),(1,15),(1,16),(1,17),(1,18),(1,19),(1,20),(1,21),(1,22),(1,23),(1,24),(1,25),(1,26),(1,27),(1,28),(1,29),(1,30),(1,31),(1,32),(1,33),(1,34),(1,35),(1,36),(1,37),(1,38),(1,39),(1,40),(1,41),(1,42),(1,43),(1,44),(1,45),(1,46),(1,47),(1,48),(1,49),(1,50),(1,51),(1,52),(1,53),(1,54),(1,55),(1,56),(1,57),(1,58),(1,59),(1,60),(1,61),(2,23),(2,24),(2,25),(2,26),(2,27),(2,28),(2,29),(2,30),(2,31),(2,32),(2,33),(2,34),(2,35),(2,36),(2,37),(2,38),(2,39),(2,40),(2,41),(2,42),(2,43),(2,44),(2,45),(2,46),(2,47),(2,48),(2,49),(2,50),(2,51),(2,52),(2,53),(2,54),(2,55),(2,56),(2,57),(2,58),(2,59),(2,60),(2,61),(2,62),(2,63),(2,64),(2,65),(2,66),(2,67),(2,68),(2,69),(2,70),(2,71),(2,72),(2,73),(2,74),(2,75),(2,76),(2,77),(2,78),(2,79),(2,80),(2,81),(2,82),(2,83),(3,23),(3,24),(3,25),(3,26),(3,27),(3,28),(3,29),(3,30),(3,31),(3,32),(3,33),(3,34),(3,35),(3,36),(3,37),(3,38),(3,39),(3,40),(3,41),(3,42),(3,43),(3,44),(3,45),(3,46),(3,47),(3,48),(3,49),(3,50),(3,51),(3,52),(3,53),(3,54),(3,55),(3,56),(3,57),(3,58),(3,59),(3,60),(3,61),(3,84),(3,85),(3,86),(3,87),(3,88),(3,89),(3,90),(3,91),(3,92),(3,93),(3,94),(3,95),(3,96),(3,97),(3,98),(3,99),(3,100),(3,101),(3,102),(3,103),(3,104),(3,105);
/*!40000 ALTER TABLE `rule_set_rules` ENABLE KEYS */;
UNLOCK TABLES;

--
-- Table structure for table `parameter`
--

DROP TABLE IF EXISTS `parameter`;
/*!40101 SET @saved_cs_client     = @@character_set_client */;
/*!40101 SET character_set_client = utf8 */;
CREATE TABLE `parameter` (
  `id` bigint(20) NOT NULL AUTO_INCREMENT,
  `version` bigint(20) NOT NULL,
  `active` bit(1) NOT NULL,
  `bussines_unit_id` bigint(20) NOT NULL,
  `created_by` varchar(255) DEFAULT NULL,
  `creation_date` datetime DEFAULT NULL,
  `last_update_by` varchar(255) DEFAULT NULL,
  `last_update_date` datetime DEFAULT NULL,
  `max_value` double DEFAULT NULL,
  `min_value` double DEFAULT NULL,
  `param_category` varchar(255) NOT NULL,
  `param_code` varchar(255) NOT NULL,
  `param_description` varchar(255) NOT NULL,
  `param_group` varchar(255) DEFAULT NULL,
  `value` double DEFAULT NULL,
  PRIMARY KEY (`id`),
  KEY `FK747EB3A94B5B274F` (`bussines_unit_id`),
  CONSTRAINT `FK747EB3A94B5B274F` FOREIGN KEY (`bussines_unit_id`) REFERENCES `bussines_unit` (`id`)
) ENGINE=InnoDB AUTO_INCREMENT=406 DEFAULT CHARSET=latin1;
/*!40101 SET character_set_client = @saved_cs_client */;

--
-- Dumping data for table `parameter`
--

LOCK TABLES `parameter` WRITE;
/*!40000 ALTER TABLE `parameter` DISABLE KEYS */;
INSERT INTO `parameter` VALUES (203,0,'',20,NULL,'2014-08-12 19:59:04',NULL,'2014-08-12 19:59:04',NULL,NULL,'SALES','PTOVTA_OBJ_PTS','Puntaje objetivo (punto de venta)','PUNTOS',10000),(204,0,'',13,NULL,'2014-08-12 19:59:04',NULL,'2014-08-12 19:59:04',NULL,NULL,'SALES','PTOVTA_OBJ_PTS','Puntaje objetivo (punto de venta)','PUNTOS',19000),(205,0,'',18,NULL,'2014-08-12 19:59:04',NULL,'2014-08-12 19:59:04',NULL,NULL,'SALES','PTOVTA_OBJ_PTS','Puntaje objetivo (punto de venta)','PUNTOS',20000),(206,0,'',19,NULL,'2014-08-12 19:59:04',NULL,'2014-08-12 19:59:04',NULL,NULL,'SALES','PTOVTA_OBJ_PTS','Puntaje objetivo (punto de venta)','PUNTOS',14500),(207,0,'',17,NULL,'2014-08-12 19:59:04',NULL,'2014-08-12 19:59:04',NULL,NULL,'SALES','PTOVTA_OBJ_PTS','Puntaje objetivo (punto de venta)','PUNTOS',8000),(208,0,'',12,NULL,'2014-08-12 19:59:04',NULL,'2014-08-12 19:59:04',NULL,NULL,'SALES','PTOVTA_OBJ_PTS','Puntaje objetivo (punto de venta)','PUNTOS',19000),(209,0,'',15,NULL,'2014-08-12 19:59:04',NULL,'2014-08-12 19:59:04',NULL,NULL,'SALES','PTOVTA_OBJ_PTS','Puntaje objetivo (punto de venta)','PUNTOS',13500),(210,0,'',25,NULL,'2014-08-12 19:59:04',NULL,'2014-08-12 19:59:04',NULL,NULL,'SALES','PTOVTA_OBJ_PTS','Puntaje objetivo (punto de venta)','PUNTOS',5000),(211,0,'',22,NULL,'2014-08-12 19:59:04',NULL,'2014-08-12 19:59:04',NULL,NULL,'SALES','PTOVTA_OBJ_PTS','Puntaje objetivo (punto de venta)','PUNTOS',10000),(212,0,'',23,NULL,'2014-08-12 19:59:04',NULL,'2014-08-12 19:59:04',NULL,NULL,'SALES','PTOVTA_OBJ_PTS','Puntaje objetivo (punto de venta)','PUNTOS',9000),(213,0,'',26,NULL,'2014-08-12 19:59:04',NULL,'2014-08-12 19:59:04',NULL,NULL,'SALES','PTOVTA_OBJ_PTS','Puntaje objetivo (punto de venta)','PUNTOS',9000),(214,0,'',24,NULL,'2014-08-12 19:59:04',NULL,'2014-08-12 19:59:04',NULL,NULL,'SALES','PTOVTA_OBJ_PTS','Puntaje objetivo (punto de venta)','PUNTOS',4000),(215,0,'',7,NULL,'2014-08-12 19:59:04',NULL,'2014-08-12 19:59:04',NULL,NULL,'SALES','PTOVTA_OBJ_PTS','Puntaje objetivo (punto de venta)','PUNTOS',24000),(216,0,'',6,NULL,'2014-08-12 19:59:04',NULL,'2014-08-12 19:59:04',NULL,NULL,'SALES','PTOVTA_OBJ_PTS','Puntaje objetivo (punto de venta)','PUNTOS',18800),(217,0,'',10,NULL,'2014-08-12 19:59:04',NULL,'2014-08-12 19:59:04',NULL,NULL,'SALES','PTOVTA_OBJ_PTS','Puntaje objetivo (punto de venta)','PUNTOS',40000),(218,0,'',11,NULL,'2014-08-12 19:59:04',NULL,'2014-08-12 19:59:04',NULL,NULL,'SALES','PTOVTA_OBJ_PTS','Puntaje objetivo (punto de venta)','PUNTOS',22000),(219,0,'',20,NULL,'2014-08-12 19:59:04',NULL,'2014-08-12 19:59:04',NULL,NULL,'INDIVIDUAL_INCENTIVE','QVTA_ALTAS_VOZ_OP','ALTAS DE VOZ','Q PTO VTA',50),(220,0,'',13,NULL,'2014-08-12 19:59:05',NULL,'2014-08-12 19:59:05',NULL,NULL,'INDIVIDUAL_INCENTIVE','QVTA_ALTAS_VOZ_OP','ALTAS DE VOZ','Q PTO VTA',70),(221,0,'',18,NULL,'2014-08-12 19:59:05',NULL,'2014-08-12 19:59:05',NULL,NULL,'INDIVIDUAL_INCENTIVE','QVTA_ALTAS_VOZ_OP','ALTAS DE VOZ','Q PTO VTA',170),(222,0,'',19,NULL,'2014-08-12 19:59:05',NULL,'2014-08-12 19:59:05',NULL,NULL,'INDIVIDUAL_INCENTIVE','QVTA_ALTAS_VOZ_OP','ALTAS DE VOZ','Q PTO VTA',70),(223,0,'',17,NULL,'2014-08-12 19:59:05',NULL,'2014-08-12 19:59:05',NULL,NULL,'INDIVIDUAL_INCENTIVE','QVTA_ALTAS_VOZ_OP','ALTAS DE VOZ','Q PTO VTA',55),(224,0,'',12,NULL,'2014-08-12 19:59:05',NULL,'2014-08-12 19:59:05',NULL,NULL,'INDIVIDUAL_INCENTIVE','QVTA_ALTAS_VOZ_OP','ALTAS DE VOZ','Q PTO VTA',190),(225,0,'',15,NULL,'2014-08-12 19:59:05',NULL,'2014-08-12 19:59:05',NULL,NULL,'INDIVIDUAL_INCENTIVE','QVTA_ALTAS_VOZ_OP','ALTAS DE VOZ','Q PTO VTA',85),(226,0,'',25,NULL,'2014-08-12 19:59:05',NULL,'2014-08-12 19:59:05',NULL,NULL,'INDIVIDUAL_INCENTIVE','QVTA_ALTAS_VOZ_OP','ALTAS DE VOZ','Q PTO VTA',5),(227,0,'',22,NULL,'2014-08-12 19:59:05',NULL,'2014-08-12 19:59:05',NULL,NULL,'INDIVIDUAL_INCENTIVE','QVTA_ALTAS_VOZ_OP','ALTAS DE VOZ','Q PTO VTA',50),(228,0,'',23,NULL,'2014-08-12 19:59:05',NULL,'2014-08-12 19:59:05',NULL,NULL,'INDIVIDUAL_INCENTIVE','QVTA_ALTAS_VOZ_OP','ALTAS DE VOZ','Q PTO VTA',30),(229,0,'',26,NULL,'2014-08-12 19:59:05',NULL,'2014-08-12 19:59:05',NULL,NULL,'INDIVIDUAL_INCENTIVE','QVTA_ALTAS_VOZ_OP','ALTAS DE VOZ','Q PTO VTA',50),(230,0,'',24,NULL,'2014-08-12 19:59:05',NULL,'2014-08-12 19:59:05',NULL,NULL,'INDIVIDUAL_INCENTIVE','QVTA_ALTAS_VOZ_OP','ALTAS DE VOZ','Q PTO VTA',20),(231,0,'',7,NULL,'2014-08-12 19:59:05',NULL,'2014-08-12 19:59:05',NULL,NULL,'INDIVIDUAL_INCENTIVE','QVTA_ALTAS_VOZ_OP','ALTAS DE VOZ','Q PTO VTA',115),(232,0,'',6,NULL,'2014-08-12 19:59:05',NULL,'2014-08-12 19:59:05',NULL,NULL,'INDIVIDUAL_INCENTIVE','QVTA_ALTAS_VOZ_OP','ALTAS DE VOZ','Q PTO VTA',140),(233,0,'',10,NULL,'2014-08-12 19:59:05',NULL,'2014-08-12 19:59:05',NULL,NULL,'INDIVIDUAL_INCENTIVE','QVTA_ALTAS_VOZ_OP','ALTAS DE VOZ','Q PTO VTA',460),(234,0,'',11,NULL,'2014-08-12 19:59:05',NULL,'2014-08-12 19:59:05',NULL,NULL,'INDIVIDUAL_INCENTIVE','QVTA_ALTAS_VOZ_OP','ALTAS DE VOZ','Q PTO VTA',80),(235,0,'',20,NULL,'2014-08-12 19:59:05',NULL,'2014-08-12 19:59:05',NULL,NULL,'INDIVIDUAL_INCENTIVE','QVTA_LEC_OP','LEC','Q PTO VTA',15),(236,0,'',13,NULL,'2014-08-12 19:59:05',NULL,'2014-08-12 19:59:05',NULL,NULL,'INDIVIDUAL_INCENTIVE','QVTA_LEC_OP','LEC','Q PTO VTA',10),(237,0,'',18,NULL,'2014-08-12 19:59:05',NULL,'2014-08-12 19:59:05',NULL,NULL,'INDIVIDUAL_INCENTIVE','QVTA_LEC_OP','LEC','Q PTO VTA',50),(238,0,'',19,NULL,'2014-08-12 19:59:05',NULL,'2014-08-12 19:59:05',NULL,NULL,'INDIVIDUAL_INCENTIVE','QVTA_LEC_OP','LEC','Q PTO VTA',5),(239,0,'',17,NULL,'2014-08-12 19:59:05',NULL,'2014-08-12 19:59:05',NULL,NULL,'INDIVIDUAL_INCENTIVE','QVTA_LEC_OP','LEC','Q PTO VTA',5),(240,0,'',12,NULL,'2014-08-12 19:59:05',NULL,'2014-08-12 19:59:05',NULL,NULL,'INDIVIDUAL_INCENTIVE','QVTA_LEC_OP','LEC','Q PTO VTA',50),(241,0,'',15,NULL,'2014-08-12 19:59:05',NULL,'2014-08-12 19:59:05',NULL,NULL,'INDIVIDUAL_INCENTIVE','QVTA_LEC_OP','LEC','Q PTO VTA',55),(242,0,'',25,NULL,'2014-08-12 19:59:05',NULL,'2014-08-12 19:59:05',NULL,NULL,'INDIVIDUAL_INCENTIVE','QVTA_LEC_OP','LEC','Q PTO VTA',20),(243,0,'',22,NULL,'2014-08-12 19:59:05',NULL,'2014-08-12 19:59:05',NULL,NULL,'INDIVIDUAL_INCENTIVE','QVTA_LEC_OP','LEC','Q PTO VTA',100),(244,0,'',23,NULL,'2014-08-12 19:59:05',NULL,'2014-08-12 19:59:05',NULL,NULL,'INDIVIDUAL_INCENTIVE','QVTA_LEC_OP','LEC','Q PTO VTA',50),(245,0,'',26,NULL,'2014-08-12 19:59:05',NULL,'2014-08-12 19:59:05',NULL,NULL,'INDIVIDUAL_INCENTIVE','QVTA_LEC_OP','LEC','Q PTO VTA',90),(246,0,'',24,NULL,'2014-08-12 19:59:05',NULL,'2014-08-12 19:59:05',NULL,NULL,'INDIVIDUAL_INCENTIVE','QVTA_LEC_OP','LEC','Q PTO VTA',50),(247,0,'',7,NULL,'2014-08-12 19:59:05',NULL,'2014-08-12 19:59:05',NULL,NULL,'INDIVIDUAL_INCENTIVE','QVTA_LEC_OP','LEC','Q PTO VTA',240),(248,0,'',6,NULL,'2014-08-12 19:59:05',NULL,'2014-08-12 19:59:05',NULL,NULL,'INDIVIDUAL_INCENTIVE','QVTA_LEC_OP','LEC','Q PTO VTA',100),(249,0,'',10,NULL,'2014-08-12 19:59:05',NULL,'2014-08-12 19:59:05',NULL,NULL,'INDIVIDUAL_INCENTIVE','QVTA_LEC_OP','LEC','Q PTO VTA',40),(250,0,'',11,NULL,'2014-08-12 19:59:05',NULL,'2014-08-12 19:59:05',NULL,NULL,'INDIVIDUAL_INCENTIVE','QVTA_LEC_OP','LEC','Q PTO VTA',100),(251,0,'',20,NULL,'2014-08-12 19:59:05',NULL,'2014-08-12 19:59:05',NULL,NULL,'INDIVIDUAL_INCENTIVE','QVTA_IM_OP','IM / PREPAGO','Q PTO VTA',35),(252,0,'',13,NULL,'2014-08-12 19:59:05',NULL,'2014-08-12 19:59:05',NULL,NULL,'INDIVIDUAL_INCENTIVE','QVTA_IM_OP','IM / PREPAGO','Q PTO VTA',20),(253,0,'',18,NULL,'2014-08-12 19:59:05',NULL,'2014-08-12 19:59:05',NULL,NULL,'INDIVIDUAL_INCENTIVE','QVTA_IM_OP','IM / PREPAGO','Q PTO VTA',50),(254,0,'',19,NULL,'2014-08-12 19:59:05',NULL,'2014-08-12 19:59:05',NULL,NULL,'INDIVIDUAL_INCENTIVE','QVTA_IM_OP','IM / PREPAGO','Q PTO VTA',35),(255,0,'',17,NULL,'2014-08-12 19:59:05',NULL,'2014-08-12 19:59:05',NULL,NULL,'INDIVIDUAL_INCENTIVE','QVTA_IM_OP','IM / PREPAGO','Q PTO VTA',25),(256,0,'',12,NULL,'2014-08-12 19:59:05',NULL,'2014-08-12 19:59:05',NULL,NULL,'INDIVIDUAL_INCENTIVE','QVTA_IM_OP','IM / PREPAGO','Q PTO VTA',60),(257,0,'',15,NULL,'2014-08-12 19:59:05',NULL,'2014-08-12 19:59:05',NULL,NULL,'INDIVIDUAL_INCENTIVE','QVTA_IM_OP','IM / PREPAGO','Q PTO VTA',60),(258,0,'',25,NULL,'2014-08-12 19:59:05',NULL,'2014-08-12 19:59:05',NULL,NULL,'INDIVIDUAL_INCENTIVE','QVTA_IM_OP','IM / PREPAGO','Q PTO VTA',20),(259,0,'',22,NULL,'2014-08-12 19:59:05',NULL,'2014-08-12 19:59:05',NULL,NULL,'INDIVIDUAL_INCENTIVE','QVTA_IM_OP','IM / PREPAGO','Q PTO VTA',50),(260,0,'',23,NULL,'2014-08-12 19:59:05',NULL,'2014-08-12 19:59:05',NULL,NULL,'INDIVIDUAL_INCENTIVE','QVTA_IM_OP','IM / PREPAGO','Q PTO VTA',40),(261,0,'',26,NULL,'2014-08-12 19:59:05',NULL,'2014-08-12 19:59:05',NULL,NULL,'INDIVIDUAL_INCENTIVE','QVTA_IM_OP','IM / PREPAGO','Q PTO VTA',60),(262,0,'',24,NULL,'2014-08-12 19:59:05',NULL,'2014-08-12 19:59:05',NULL,NULL,'INDIVIDUAL_INCENTIVE','QVTA_IM_OP','IM / PREPAGO','Q PTO VTA',30),(263,0,'',7,NULL,'2014-08-12 19:59:05',NULL,'2014-08-12 19:59:05',NULL,NULL,'INDIVIDUAL_INCENTIVE','QVTA_IM_OP','IM / PREPAGO','Q PTO VTA',105),(264,0,'',6,NULL,'2014-08-12 19:59:05',NULL,'2014-08-12 19:59:05',NULL,NULL,'INDIVIDUAL_INCENTIVE','QVTA_IM_OP','IM / PREPAGO','Q PTO VTA',100),(265,0,'',10,NULL,'2014-08-12 19:59:05',NULL,'2014-08-12 19:59:05',NULL,NULL,'INDIVIDUAL_INCENTIVE','QVTA_IM_OP','IM / PREPAGO','Q PTO VTA',100),(266,0,'',11,NULL,'2014-08-12 19:59:05',NULL,'2014-08-12 19:59:05',NULL,NULL,'INDIVIDUAL_INCENTIVE','QVTA_IM_OP','IM / PREPAGO','Q PTO VTA',20),(267,0,'',20,NULL,'2014-08-12 19:59:05',NULL,'2014-08-12 19:59:05',NULL,NULL,'INDIVIDUAL_INCENTIVE','QVTA_ALTAS_TOT_OP','ALTAS TOTALES','Q PTO VTA',140),(268,0,'',13,NULL,'2014-08-12 19:59:05',NULL,'2014-08-12 19:59:05',NULL,NULL,'INDIVIDUAL_INCENTIVE','QVTA_ALTAS_TOT_OP','ALTAS TOTALES','Q PTO VTA',200),(269,0,'',18,NULL,'2014-08-12 19:59:05',NULL,'2014-08-12 19:59:05',NULL,NULL,'INDIVIDUAL_INCENTIVE','QVTA_ALTAS_TOT_OP','ALTAS TOTALES','Q PTO VTA',400),(270,0,'',19,NULL,'2014-08-12 19:59:05',NULL,'2014-08-12 19:59:05',NULL,NULL,'INDIVIDUAL_INCENTIVE','QVTA_ALTAS_TOT_OP','ALTAS TOTALES','Q PTO VTA',190),(271,0,'',17,NULL,'2014-08-12 19:59:05',NULL,'2014-08-12 19:59:05',NULL,NULL,'INDIVIDUAL_INCENTIVE','QVTA_ALTAS_TOT_OP','ALTAS TOTALES','Q PTO VTA',150),(272,0,'',12,NULL,'2014-08-12 19:59:05',NULL,'2014-08-12 19:59:05',NULL,NULL,'INDIVIDUAL_INCENTIVE','QVTA_ALTAS_TOT_OP','ALTAS TOTALES','Q PTO VTA',400),(273,0,'',15,NULL,'2014-08-12 19:59:05',NULL,'2014-08-12 19:59:05',NULL,NULL,'INDIVIDUAL_INCENTIVE','QVTA_ALTAS_TOT_OP','ALTAS TOTALES','Q PTO VTA',270),(274,0,'',25,NULL,'2014-08-12 19:59:05',NULL,'2014-08-12 19:59:05',NULL,NULL,'INDIVIDUAL_INCENTIVE','QVTA_ALTAS_TOT_OP','ALTAS TOTALES','Q PTO VTA',45),(275,0,'',22,NULL,'2014-08-12 19:59:05',NULL,'2014-08-12 19:59:05',NULL,NULL,'INDIVIDUAL_INCENTIVE','QVTA_ALTAS_TOT_OP','ALTAS TOTALES','Q PTO VTA',200),(276,0,'',23,NULL,'2014-08-12 19:59:05',NULL,'2014-08-12 19:59:05',NULL,NULL,'INDIVIDUAL_INCENTIVE','QVTA_ALTAS_TOT_OP','ALTAS TOTALES','Q PTO VTA',120),(277,0,'',26,NULL,'2014-08-12 19:59:05',NULL,'2014-08-12 19:59:05',NULL,NULL,'INDIVIDUAL_INCENTIVE','QVTA_ALTAS_TOT_OP','ALTAS TOTALES','Q PTO VTA',200),(278,0,'',24,NULL,'2014-08-12 19:59:05',NULL,'2014-08-12 19:59:05',NULL,NULL,'INDIVIDUAL_INCENTIVE','QVTA_ALTAS_TOT_OP','ALTAS TOTALES','Q PTO VTA',100),(279,0,'',7,NULL,'2014-08-12 19:59:05',NULL,'2014-08-12 19:59:05',NULL,NULL,'INDIVIDUAL_INCENTIVE','QVTA_ALTAS_TOT_OP','ALTAS TOTALES','Q PTO VTA',460),(280,0,'',6,NULL,'2014-08-12 19:59:05',NULL,'2014-08-12 19:59:05',NULL,NULL,'INDIVIDUAL_INCENTIVE','QVTA_ALTAS_TOT_OP','ALTAS TOTALES','Q PTO VTA',460),(281,0,'',10,NULL,'2014-08-12 19:59:05',NULL,'2014-08-12 19:59:05',NULL,NULL,'INDIVIDUAL_INCENTIVE','QVTA_ALTAS_TOT_OP','ALTAS TOTALES','Q PTO VTA',600),(282,0,'',11,NULL,'2014-08-12 19:59:05',NULL,'2014-08-12 19:59:05',NULL,NULL,'INDIVIDUAL_INCENTIVE','QVTA_ALTAS_TOT_OP','ALTAS TOTALES','Q PTO VTA',200),(283,0,'',20,NULL,'2014-08-12 19:59:05',NULL,'2014-08-12 19:59:05',120,100,'INDIVIDUAL_INCENTIVE','QIND_ALTAS_RG1_BON_ARS','INCENTIVO ALTAS AL [MIN]% DEL CUMPLIMIENTO DEL Q','Q VENDEDOR',400),(284,0,'',13,NULL,'2014-08-12 19:59:05',NULL,'2014-08-12 19:59:05',120,100,'INDIVIDUAL_INCENTIVE','QIND_ALTAS_RG1_BON_ARS','INCENTIVO ALTAS AL [MIN]% DEL CUMPLIMIENTO DEL Q','Q VENDEDOR',400),(285,0,'',18,NULL,'2014-08-12 19:59:05',NULL,'2014-08-12 19:59:05',120,100,'INDIVIDUAL_INCENTIVE','QIND_ALTAS_RG1_BON_ARS','INCENTIVO ALTAS AL [MIN]% DEL CUMPLIMIENTO DEL Q','Q VENDEDOR',540),(286,0,'',19,NULL,'2014-08-12 19:59:05',NULL,'2014-08-12 19:59:05',120,100,'INDIVIDUAL_INCENTIVE','QIND_ALTAS_RG1_BON_ARS','INCENTIVO ALTAS AL [MIN]% DEL CUMPLIMIENTO DEL Q','Q VENDEDOR',350),(287,0,'',17,NULL,'2014-08-12 19:59:05',NULL,'2014-08-12 19:59:05',120,100,'INDIVIDUAL_INCENTIVE','QIND_ALTAS_RG1_BON_ARS','INCENTIVO ALTAS AL [MIN]% DEL CUMPLIMIENTO DEL Q','Q VENDEDOR',340),(288,0,'',12,NULL,'2014-08-12 19:59:05',NULL,'2014-08-12 19:59:05',120,100,'INDIVIDUAL_INCENTIVE','QIND_ALTAS_RG1_BON_ARS','INCENTIVO ALTAS AL [MIN]% DEL CUMPLIMIENTO DEL Q','Q VENDEDOR',600),(289,0,'',15,NULL,'2014-08-12 19:59:05',NULL,'2014-08-12 19:59:05',120,100,'INDIVIDUAL_INCENTIVE','QIND_ALTAS_RG1_BON_ARS','INCENTIVO ALTAS AL [MIN]% DEL CUMPLIMIENTO DEL Q','Q VENDEDOR',400),(290,0,'',25,NULL,'2014-08-12 19:59:05',NULL,'2014-08-12 19:59:05',120,100,'INDIVIDUAL_INCENTIVE','QIND_ALTAS_RG1_BON_ARS','INCENTIVO ALTAS AL [MIN]% DEL CUMPLIMIENTO DEL Q','Q VENDEDOR',400),(291,0,'',22,NULL,'2014-08-12 19:59:05',NULL,'2014-08-12 19:59:05',120,100,'INDIVIDUAL_INCENTIVE','QIND_ALTAS_RG1_BON_ARS','INCENTIVO ALTAS AL [MIN]% DEL CUMPLIMIENTO DEL Q','Q VENDEDOR',400),(292,0,'',23,NULL,'2014-08-12 19:59:05',NULL,'2014-08-12 19:59:05',120,100,'INDIVIDUAL_INCENTIVE','QIND_ALTAS_RG1_BON_ARS','INCENTIVO ALTAS AL [MIN]% DEL CUMPLIMIENTO DEL Q','Q VENDEDOR',240),(293,0,'',26,NULL,'2014-08-12 19:59:05',NULL,'2014-08-12 19:59:05',120,100,'INDIVIDUAL_INCENTIVE','QIND_ALTAS_RG1_BON_ARS','INCENTIVO ALTAS AL [MIN]% DEL CUMPLIMIENTO DEL Q','Q VENDEDOR',400),(294,0,'',24,NULL,'2014-08-12 19:59:05',NULL,'2014-08-12 19:59:05',120,100,'INDIVIDUAL_INCENTIVE','QIND_ALTAS_RG1_BON_ARS','INCENTIVO ALTAS AL [MIN]% DEL CUMPLIMIENTO DEL Q','Q VENDEDOR',180),(295,0,'',31,NULL,'2014-08-12 19:59:05',NULL,'2014-08-12 19:59:05',120,100,'INDIVIDUAL_INCENTIVE','QIND_ALTAS_RG1_BON_ARS','INCENTIVO ALTAS AL [MIN]% DEL CUMPLIMIENTO DEL Q','Q VENDEDOR',200),(296,0,'',32,NULL,'2014-08-12 19:59:05',NULL,'2014-08-12 19:59:05',120,100,'INDIVIDUAL_INCENTIVE','QIND_ALTAS_RG1_BON_ARS','INCENTIVO ALTAS AL [MIN]% DEL CUMPLIMIENTO DEL Q','Q VENDEDOR',160),(297,0,'',33,NULL,'2014-08-12 19:59:05',NULL,'2014-08-12 19:59:05',120,100,'INDIVIDUAL_INCENTIVE','QIND_ALTAS_RG1_BON_ARS','INCENTIVO ALTAS AL [MIN]% DEL CUMPLIMIENTO DEL Q','Q VENDEDOR',200),(298,0,'',34,NULL,'2014-08-12 19:59:05',NULL,'2014-08-12 19:59:05',120,100,'INDIVIDUAL_INCENTIVE','QIND_ALTAS_RG1_BON_ARS','INCENTIVO ALTAS AL [MIN]% DEL CUMPLIMIENTO DEL Q','Q VENDEDOR',200),(299,0,'',41,NULL,'2014-08-12 19:59:05',NULL,'2014-08-12 19:59:05',120,100,'INDIVIDUAL_INCENTIVE','QIND_ALTAS_RG1_BON_ARS','INCENTIVO ALTAS AL [MIN]% DEL CUMPLIMIENTO DEL Q','Q VENDEDOR',720),(300,0,'',6,NULL,'2014-08-12 19:59:05',NULL,'2014-08-12 19:59:05',120,100,'INDIVIDUAL_INCENTIVE','QIND_ALTAS_RG1_BON_ARS','INCENTIVO ALTAS AL [MIN]% DEL CUMPLIMIENTO DEL Q','Q VENDEDOR',240),(301,0,'',10,NULL,'2014-08-12 19:59:05',NULL,'2014-08-12 19:59:05',120,100,'INDIVIDUAL_INCENTIVE','QIND_ALTAS_RG1_BON_ARS','INCENTIVO ALTAS AL [MIN]% DEL CUMPLIMIENTO DEL Q','Q VENDEDOR',400),(302,0,'',11,NULL,'2014-08-12 19:59:05',NULL,'2014-08-12 19:59:05',120,100,'INDIVIDUAL_INCENTIVE','QIND_ALTAS_RG1_BON_ARS','INCENTIVO ALTAS AL [MIN]% DEL CUMPLIMIENTO DEL Q','Q VENDEDOR',400),(303,0,'',20,NULL,'2014-08-12 19:59:05',NULL,'2014-08-12 19:59:05',NULL,120,'INDIVIDUAL_INCENTIVE','QIND_ALTAS_RG2_BON_ARS','INCENTIVO ALTAS AL [MIN]% DEL CUMPLIMIENTO DEL Q','Q VENDEDOR',500),(304,0,'',13,NULL,'2014-08-12 19:59:05',NULL,'2014-08-12 19:59:05',NULL,120,'INDIVIDUAL_INCENTIVE','QIND_ALTAS_RG2_BON_ARS','INCENTIVO ALTAS AL [MIN]% DEL CUMPLIMIENTO DEL Q','Q VENDEDOR',500),(305,0,'',18,NULL,'2014-08-12 19:59:05',NULL,'2014-08-12 19:59:05',NULL,120,'INDIVIDUAL_INCENTIVE','QIND_ALTAS_RG2_BON_ARS','INCENTIVO ALTAS AL [MIN]% DEL CUMPLIMIENTO DEL Q','Q VENDEDOR',630),(306,0,'',19,NULL,'2014-08-12 19:59:05',NULL,'2014-08-12 19:59:05',NULL,120,'INDIVIDUAL_INCENTIVE','QIND_ALTAS_RG2_BON_ARS','INCENTIVO ALTAS AL [MIN]% DEL CUMPLIMIENTO DEL Q','Q VENDEDOR',410),(307,0,'',17,NULL,'2014-08-12 19:59:06',NULL,'2014-08-12 19:59:06',NULL,120,'INDIVIDUAL_INCENTIVE','QIND_ALTAS_RG2_BON_ARS','INCENTIVO ALTAS AL [MIN]% DEL CUMPLIMIENTO DEL Q','Q VENDEDOR',400),(308,0,'',12,NULL,'2014-08-12 19:59:06',NULL,'2014-08-12 19:59:06',NULL,120,'INDIVIDUAL_INCENTIVE','QIND_ALTAS_RG2_BON_ARS','INCENTIVO ALTAS AL [MIN]% DEL CUMPLIMIENTO DEL Q','Q VENDEDOR',700),(309,0,'',15,NULL,'2014-08-12 19:59:06',NULL,'2014-08-12 19:59:06',NULL,120,'INDIVIDUAL_INCENTIVE','QIND_ALTAS_RG2_BON_ARS','INCENTIVO ALTAS AL [MIN]% DEL CUMPLIMIENTO DEL Q','Q VENDEDOR',500),(310,0,'',25,NULL,'2014-08-12 19:59:06',NULL,'2014-08-12 19:59:06',NULL,120,'INDIVIDUAL_INCENTIVE','QIND_ALTAS_RG2_BON_ARS','INCENTIVO ALTAS AL [MIN]% DEL CUMPLIMIENTO DEL Q','Q VENDEDOR',480),(311,0,'',22,NULL,'2014-08-12 19:59:06',NULL,'2014-08-12 19:59:06',NULL,120,'INDIVIDUAL_INCENTIVE','QIND_ALTAS_RG2_BON_ARS','INCENTIVO ALTAS AL [MIN]% DEL CUMPLIMIENTO DEL Q','Q VENDEDOR',480),(312,0,'',23,NULL,'2014-08-12 19:59:06',NULL,'2014-08-12 19:59:06',NULL,120,'INDIVIDUAL_INCENTIVE','QIND_ALTAS_RG2_BON_ARS','INCENTIVO ALTAS AL [MIN]% DEL CUMPLIMIENTO DEL Q','Q VENDEDOR',300),(313,0,'',26,NULL,'2014-08-12 19:59:06',NULL,'2014-08-12 19:59:06',NULL,120,'INDIVIDUAL_INCENTIVE','QIND_ALTAS_RG2_BON_ARS','INCENTIVO ALTAS AL [MIN]% DEL CUMPLIMIENTO DEL Q','Q VENDEDOR',480),(314,0,'',24,NULL,'2014-08-12 19:59:06',NULL,'2014-08-12 19:59:06',NULL,120,'INDIVIDUAL_INCENTIVE','QIND_ALTAS_RG2_BON_ARS','INCENTIVO ALTAS AL [MIN]% DEL CUMPLIMIENTO DEL Q','Q VENDEDOR',220),(315,0,'',31,NULL,'2014-08-12 19:59:06',NULL,'2014-08-12 19:59:06',NULL,120,'INDIVIDUAL_INCENTIVE','QIND_ALTAS_RG2_BON_ARS','INCENTIVO ALTAS AL [MIN]% DEL CUMPLIMIENTO DEL Q','Q VENDEDOR',250),(316,0,'',32,NULL,'2014-08-12 19:59:06',NULL,'2014-08-12 19:59:06',NULL,120,'INDIVIDUAL_INCENTIVE','QIND_ALTAS_RG2_BON_ARS','INCENTIVO ALTAS AL [MIN]% DEL CUMPLIMIENTO DEL Q','Q VENDEDOR',190),(317,0,'',33,NULL,'2014-08-12 19:59:06',NULL,'2014-08-12 19:59:06',NULL,120,'INDIVIDUAL_INCENTIVE','QIND_ALTAS_RG2_BON_ARS','INCENTIVO ALTAS AL [MIN]% DEL CUMPLIMIENTO DEL Q','Q VENDEDOR',240),(318,0,'',34,NULL,'2014-08-12 19:59:06',NULL,'2014-08-12 19:59:06',NULL,120,'INDIVIDUAL_INCENTIVE','QIND_ALTAS_RG2_BON_ARS','INCENTIVO ALTAS AL [MIN]% DEL CUMPLIMIENTO DEL Q','Q VENDEDOR',240),(319,0,'',41,NULL,'2014-08-12 19:59:06',NULL,'2014-08-12 19:59:06',NULL,120,'INDIVIDUAL_INCENTIVE','QIND_ALTAS_RG2_BON_ARS','INCENTIVO ALTAS AL [MIN]% DEL CUMPLIMIENTO DEL Q','Q VENDEDOR',830),(320,0,'',6,NULL,'2014-08-12 19:59:06',NULL,'2014-08-12 19:59:06',NULL,120,'INDIVIDUAL_INCENTIVE','QIND_ALTAS_RG2_BON_ARS','INCENTIVO ALTAS AL [MIN]% DEL CUMPLIMIENTO DEL Q','Q VENDEDOR',280),(321,0,'',10,NULL,'2014-08-12 19:59:06',NULL,'2014-08-12 19:59:06',NULL,120,'INDIVIDUAL_INCENTIVE','QIND_ALTAS_RG2_BON_ARS','INCENTIVO ALTAS AL [MIN]% DEL CUMPLIMIENTO DEL Q','Q VENDEDOR',470),(322,0,'',11,NULL,'2014-08-12 19:59:06',NULL,'2014-08-12 19:59:06',NULL,120,'INDIVIDUAL_INCENTIVE','QIND_ALTAS_RG2_BON_ARS','INCENTIVO ALTAS AL [MIN]% DEL CUMPLIMIENTO DEL Q','Q VENDEDOR',470),(323,0,'',20,NULL,'2014-08-12 19:59:06',NULL,'2014-08-12 19:59:06',180,150,'POS_INCENTIVE','IVTA_ALTAS_RG1_BON_ARS','[MIN] Altas (LEC/Altas de Voz/IM) proporcional a las ventas de c/vendedor','Q PUNTO DE VENTA',600),(324,0,'',13,NULL,'2014-08-12 19:59:06',NULL,'2014-08-12 19:59:06',250,230,'POS_INCENTIVE','IVTA_ALTAS_RG1_BON_ARS','[MIN] Altas (LEC/Altas de Voz/IM) proporcional a las ventas de c/vendedor','Q PUNTO DE VENTA',800),(325,0,'',18,NULL,'2014-08-12 19:59:06',NULL,'2014-08-12 19:59:06',500,450,'POS_INCENTIVE','IVTA_ALTAS_RG1_BON_ARS','[MIN] Altas (LEC/Altas de Voz/IM) proporcional a las ventas de c/vendedor','Q PUNTO DE VENTA',2000),(326,0,'',19,NULL,'2014-08-12 19:59:06',NULL,'2014-08-12 19:59:06',300,250,'POS_INCENTIVE','IVTA_ALTAS_RG1_BON_ARS','[MIN] Altas (LEC/Altas de Voz/IM) proporcional a las ventas de c/vendedor','Q PUNTO DE VENTA',800),(327,0,'',17,NULL,'2014-08-12 19:59:06',NULL,'2014-08-12 19:59:06',180,165,'POS_INCENTIVE','IVTA_ALTAS_RG1_BON_ARS','[MIN] Altas (LEC/Altas de Voz/IM) proporcional a las ventas de c/vendedor','Q PUNTO DE VENTA',600),(328,0,'',12,NULL,'2014-08-12 19:59:06',NULL,'2014-08-12 19:59:06',500,450,'POS_INCENTIVE','IVTA_ALTAS_RG1_BON_ARS','[MIN] Altas (LEC/Altas de Voz/IM) proporcional a las ventas de c/vendedor','Q PUNTO DE VENTA',2250),(329,0,'',15,NULL,'2014-08-12 19:59:06',NULL,'2014-08-12 19:59:06',350,300,'POS_INCENTIVE','IVTA_ALTAS_RG1_BON_ARS','[MIN] Altas (LEC/Altas de Voz/IM) proporcional a las ventas de c/vendedor','Q PUNTO DE VENTA',800),(330,0,'',25,NULL,'2014-08-12 19:59:06',NULL,'2014-08-12 19:59:06',NULL,85,'POS_INCENTIVE','IVTA_ALTAS_RG1_BON_ARS','[MIN] Altas (LEC/Altas de Voz/IM) proporcional a las ventas de c/vendedor','Q PUNTO DE VENTA',600),(331,0,'',22,NULL,'2014-08-12 19:59:06',NULL,'2014-08-12 19:59:06',NULL,195,'POS_INCENTIVE','IVTA_ALTAS_RG1_BON_ARS','[MIN] Altas (LEC/Altas de Voz/IM) proporcional a las ventas de c/vendedor','Q PUNTO DE VENTA',600),(332,0,'',23,NULL,'2014-08-12 19:59:06',NULL,'2014-08-12 19:59:06',NULL,120,'POS_INCENTIVE','IVTA_ALTAS_RG1_BON_ARS','[MIN] Altas (LEC/Altas de Voz/IM) proporcional a las ventas de c/vendedor','Q PUNTO DE VENTA',500),(333,0,'',26,NULL,'2014-08-12 19:59:06',NULL,'2014-08-12 19:59:06',NULL,85,'POS_INCENTIVE','IVTA_ALTAS_RG1_BON_ARS','[MIN] Altas (LEC/Altas de Voz/IM) proporcional a las ventas de c/vendedor','Q PUNTO DE VENTA',400),(334,0,'',24,NULL,'2014-08-12 19:59:06',NULL,'2014-08-12 19:59:06',NULL,195,'POS_INCENTIVE','IVTA_ALTAS_RG1_BON_ARS','[MIN] Altas (LEC/Altas de Voz/IM) proporcional a las ventas de c/vendedor','Q PUNTO DE VENTA',600),(335,0,'',31,NULL,'2014-08-12 19:59:06',NULL,'2014-08-12 19:59:06',NULL,120,'POS_INCENTIVE','IVTA_ALTAS_RG1_BON_ARS','[MIN] Altas (LEC/Altas de Voz/IM) proporcional a las ventas de c/vendedor','Q PUNTO DE VENTA',500),(336,0,'',32,NULL,'2014-08-12 19:59:06',NULL,'2014-08-12 19:59:06',NULL,100,'POS_INCENTIVE','IVTA_ALTAS_RG1_BON_ARS','[MIN] Altas (LEC/Altas de Voz/IM) proporcional a las ventas de c/vendedor','Q PUNTO DE VENTA',500),(337,0,'',33,NULL,'2014-08-12 19:59:06',NULL,'2014-08-12 19:59:06',NULL,70,'POS_INCENTIVE','IVTA_ALTAS_RG1_BON_ARS','[MIN] Altas (LEC/Altas de Voz/IM) proporcional a las ventas de c/vendedor','Q PUNTO DE VENTA',200),(338,0,'',34,NULL,'2014-08-12 19:59:06',NULL,'2014-08-12 19:59:06',NULL,70,'POS_INCENTIVE','IVTA_ALTAS_RG1_BON_ARS','[MIN] Altas (LEC/Altas de Voz/IM) proporcional a las ventas de c/vendedor','Q PUNTO DE VENTA',200),(339,0,'',41,NULL,'2014-08-12 19:59:06',NULL,'2014-08-12 19:59:06',NULL,430,'POS_INCENTIVE','IVTA_ALTAS_RG1_BON_ARS','[MIN] Altas (LEC/Altas de Voz/IM) proporcional a las ventas de c/vendedor','Q PUNTO DE VENTA',500),(340,0,'',6,NULL,'2014-08-12 19:59:06',NULL,'2014-08-12 19:59:06',NULL,150,'POS_INCENTIVE','IVTA_ALTAS_RG1_BON_ARS','[MIN] Altas (LEC/Altas de Voz/IM) proporcional a las ventas de c/vendedor','Q PUNTO DE VENTA',250),(341,0,'',10,NULL,'2014-08-12 19:59:06',NULL,'2014-08-12 19:59:06',NULL,60,'POS_INCENTIVE','IVTA_ALTAS_RG1_BON_ARS','[MIN] Altas (LEC/Altas de Voz/IM) proporcional a las ventas de c/vendedor','Q PUNTO DE VENTA',500),(342,0,'',11,NULL,'2014-08-12 19:59:06',NULL,'2014-08-12 19:59:06',NULL,240,'POS_INCENTIVE','IVTA_ALTAS_RG1_BON_ARS','[MIN] Altas (LEC/Altas de Voz/IM) proporcional a las ventas de c/vendedor','Q PUNTO DE VENTA',500),(343,0,'',20,NULL,'2014-08-12 19:59:06',NULL,'2014-08-12 19:59:06',NULL,180,'POS_INCENTIVE','IVTA_ALTAS_RG2_BON_ARS','[MIN] Altas (LEC/Altas de Voz/IM) proporcional a las ventas de c/vendedor','Q PUNTO DE VENTA',1000),(344,0,'',13,NULL,'2014-08-12 19:59:06',NULL,'2014-08-12 19:59:06',NULL,250,'POS_INCENTIVE','IVTA_ALTAS_RG2_BON_ARS','[MIN] Altas (LEC/Altas de Voz/IM) proporcional a las ventas de c/vendedor','Q PUNTO DE VENTA',1500),(345,0,'',18,NULL,'2014-08-12 19:59:06',NULL,'2014-08-12 19:59:06',NULL,500,'POS_INCENTIVE','IVTA_ALTAS_RG2_BON_ARS','[MIN] Altas (LEC/Altas de Voz/IM) proporcional a las ventas de c/vendedor','Q PUNTO DE VENTA',2500),(346,0,'',19,NULL,'2014-08-12 19:59:06',NULL,'2014-08-12 19:59:06',NULL,300,'POS_INCENTIVE','IVTA_ALTAS_RG2_BON_ARS','[MIN] Altas (LEC/Altas de Voz/IM) proporcional a las ventas de c/vendedor','Q PUNTO DE VENTA',1500),(347,0,'',17,NULL,'2014-08-12 19:59:06',NULL,'2014-08-12 19:59:06',NULL,180,'POS_INCENTIVE','IVTA_ALTAS_RG2_BON_ARS','[MIN] Altas (LEC/Altas de Voz/IM) proporcional a las ventas de c/vendedor','Q PUNTO DE VENTA',1000),(348,0,'',12,NULL,'2014-08-12 19:59:06',NULL,'2014-08-12 19:59:06',NULL,500,'POS_INCENTIVE','IVTA_ALTAS_RG2_BON_ARS','[MIN] Altas (LEC/Altas de Voz/IM) proporcional a las ventas de c/vendedor','Q PUNTO DE VENTA',2750),(349,0,'',15,NULL,'2014-08-12 19:59:06',NULL,'2014-08-12 19:59:06',NULL,350,'POS_INCENTIVE','IVTA_ALTAS_RG2_BON_ARS','[MIN] Altas (LEC/Altas de Voz/IM) proporcional a las ventas de c/vendedor','Q PUNTO DE VENTA',1800),(350,0,'',1,NULL,'2014-08-12 19:59:06',NULL,'2014-08-12 19:59:06',NULL,100,'SALES','PVTA_BON_ARS','Premio postventa (sujeto al [MIN]% de cumplimiento del puntaje objetivo)','PUNTOS',700),(351,0,'',1,NULL,'2014-08-12 19:59:06',NULL,'2014-08-12 19:59:06',NULL,NULL,'SALES','PVTA_CTE_CDP_CATER_PCT','La cantidad de CDP no puede superar ni ser inferior en un [VALUE]% a la cantidad de CATER alcanzados para cobrar el Premio Postventa.','PUNTOS',20),(352,0,'',1,NULL,'2014-08-12 19:59:06',NULL,'2014-08-12 19:59:06',NULL,NULL,'POINTS','PUNTOS_ALTAS_IEM_PU_PTS','Internet en tu Movistar / Sonora (Altas)','PUNTOS',125),(353,0,'',1,NULL,'2014-08-12 19:59:06',NULL,'2014-08-12 19:59:06',NULL,NULL,'POINTS','PUNTOS_ALTAS_CPLAN_PTS','Cambio de Plan / Migra Control a Full * (Altas)','PUNTOS',120),(354,0,'',1,NULL,'2014-08-12 19:59:06',NULL,'2014-08-12 19:59:06',NULL,NULL,'POINTS','PUNTOS_ALTAS_SVC_PU_PTS','Paquete SMS / MMS / Min Recurrentes (Altas)','PUNTOS',68),(355,0,'',1,NULL,'2014-08-12 19:59:06',NULL,'2014-08-12 19:59:06',NULL,NULL,'POINTS','PUNTOS_ALTAS_GTIA_PU_PTS','Garantas (Altas)','PUNTOS',48),(356,0,'',1,NULL,'2014-08-12 19:59:06',NULL,'2014-08-12 19:59:06',NULL,NULL,'POINTS','PUNTOS_ALTAS_MIGPOS_PU_PTS','Migraciones desde Prepago (Altas)','PUNTOS',48),(357,0,'',1,NULL,'2014-08-12 19:59:06',NULL,'2014-08-12 19:59:06',NULL,NULL,'POINTS','PUNTOS_ALTAS_CATERPOS_PU_PTS','Cater Pospago (Altas)','PUNTOS',160),(358,0,'',1,NULL,'2014-08-12 19:59:06',NULL,'2014-08-12 19:59:06',NULL,NULL,'POINTS','PUNTOS_ALTAS_CATERPRE_PU_PTS','Cater Prepago (Altas)','PUNTOS',30),(359,0,'',1,NULL,'2014-08-12 19:59:06',NULL,'2014-08-12 19:59:06',NULL,NULL,'POINTS','PUNTOS_ALTAS_CASIMPOS_PU_PTS','Casim Pospago (Altas)','PUNTOS',5),(360,0,'',1,NULL,'2014-08-12 19:59:06',NULL,'2014-08-12 19:59:06',NULL,NULL,'POINTS','PUNTOS_ALTAS_CASIMPRE_PU_PTS','Casim Prepago (Altas)','PUNTOS',3),(361,0,'',1,NULL,'2014-08-12 19:59:06',NULL,'2014-08-12 19:59:06',NULL,NULL,'POINTS','PUNTOS_ALTAS_BONOS_PU_PTS','Bonos (Altas)','PUNTOS',44),(362,0,'',1,NULL,'2014-08-12 19:59:06',NULL,'2014-08-12 19:59:06',NULL,NULL,'POINTS','PUNTOS_ALTAS_MT_PU_PTS','Movitalk / Bonos de dinero (Altas)','PUNTOS',90),(363,0,'',1,NULL,'2014-08-12 19:59:06',NULL,'2014-08-12 19:59:06',NULL,NULL,'POINTS','PUNTOS_BAJAS_IEM_PU_PTS','Internet en tu Movistar / Sonora (Bajas)','PUNTOS',-125),(364,0,'',1,NULL,'2014-08-12 19:59:06',NULL,'2014-08-12 19:59:06',NULL,NULL,'POINTS','PUNTOS_BAJAS_CPLAN_PU_PTS','Cambio de Plan / Migra Control a Full * (Bajas)','PUNTOS',-120),(365,0,'',1,NULL,'2014-08-12 19:59:06',NULL,'2014-08-12 19:59:06',NULL,NULL,'POINTS','PUNTOS_BAJAS_SVC_PU_PTS','Paquete SMS / MMS / Min Recurrentes (Bajas)','PUNTOS',-68),(366,0,'',1,NULL,'2014-08-12 19:59:06',NULL,'2014-08-12 19:59:06',NULL,NULL,'POINTS','PUNTOS_BAJAS_GTIA_PU_PTS','Garantas (Bajas)','PUNTOS',-48),(367,0,'',1,NULL,'2014-08-12 19:59:06',NULL,'2014-08-12 19:59:06',NULL,NULL,'POINTS','PUNTOS_BAJAS_MIGPOS_PU_PTS','Migraciones desde Prepago (Bajas)','PUNTOS',-48),(368,0,'',1,NULL,'2014-08-12 19:59:06',NULL,'2014-08-12 19:59:06',NULL,NULL,'POINTS','PUNTOS_BAJAS_CATERPOS_PU_PTS','Cater Pospago (Bajas)','PUNTOS',-160),(369,0,'',1,NULL,'2014-08-12 19:59:06',NULL,'2014-08-12 19:59:06',NULL,NULL,'POINTS','PUNTOS_BAJAS_CATERPRE_PU_PTS','Cater Prepago (Bajas)','PUNTOS',-30),(370,0,'',1,NULL,'2014-08-12 19:59:06',NULL,'2014-08-12 19:59:06',NULL,NULL,'POINTS','PUNTOS_BAJAS_CASIMPOS_PU_PTS','Casim Pospago (Bajas)','PUNTOS',-5),(371,0,'',1,NULL,'2014-08-12 19:59:06',NULL,'2014-08-12 19:59:06',NULL,NULL,'POINTS','PUNTOS_BAJAS_CASIMPRE_PU_PTS','Casim Prepago (Bajas)','PUNTOS',-3),(372,0,'',1,NULL,'2014-08-12 19:59:06',NULL,'2014-08-12 19:59:06',NULL,NULL,'POINTS','PUNTOS_BAJAS_BONOS_PU_PTS','Bonos (Bajas)','PUNTOS',-44),(373,0,'',1,NULL,'2014-08-12 19:59:06',NULL,'2014-08-12 19:59:06',NULL,NULL,'POINTS','PUNTOS_BAJAS_MT_PU_PTS','Movitalk / Bonos de dinero (Bajas)','PUNTOS',-90),(374,0,'',1,NULL,'2014-08-12 19:59:06',NULL,'2014-08-12 19:59:06',NULL,NULL,'SALES','VTA_CTE_OBJ_PCT','ALTAS (Se debe cumplir como mnimo con el [VALUE]% del Puntaje Objetivo)','ALTAS',85),(375,0,'',11,NULL,'2014-08-12 19:59:06',NULL,'2014-08-12 19:59:06',NULL,NULL,'SALES','VTA_CTE_OBJ_PCT','ALTAS (Se debe cumplir como mnimo con el [VALUE]% del Puntaje Objetivo)','ALTAS',0),(376,0,'',1,NULL,'2014-08-12 19:59:06',NULL,'2014-08-12 19:59:06',NULL,NULL,'SALES','VTA_IM_PU_ARS','IM Control 500 MB','ALTAS VARIOS',14),(377,0,'',1,NULL,'2014-08-12 19:59:06',NULL,'2014-08-12 19:59:06',NULL,NULL,'SALES','VTA_LEC_PU_ARS','LEC','ALTAS VARIOS',14),(378,0,'',1,NULL,'2014-08-12 19:59:06',NULL,'2014-08-12 19:59:06',NULL,NULL,'SALES','VTA_PLA_RG1_PU_ARS','Control $ 69 (Repro Pas)','ALTAS DE PLANES',15),(379,0,'',1,NULL,'2014-08-12 19:59:06',NULL,'2014-08-12 19:59:06',NULL,NULL,'SALES','VTA_PLA_RG2_PU_ARS','Control Dedos $ 99 / Comunidad Ms $ 119','ALTAS DE PLANES',17),(380,0,'',1,NULL,'2014-08-12 19:59:06',NULL,'2014-08-12 19:59:06',NULL,NULL,'SALES','VTA_PLA_RG3_PU_ARS','Control Dedos $ 169 / Comunidad Ms $ 169 y $ 199','ALTAS DE PLANES',25),(381,0,'',1,NULL,'2014-08-12 19:59:06',NULL,'2014-08-12 19:59:06',NULL,NULL,'SALES','VTA_PLA_RG4_PU_ARS','Comunidad Ms $ 239','ALTAS DE PLANES',40),(382,0,'',1,NULL,'2014-08-12 19:59:06',NULL,'2014-08-12 19:59:06',NULL,NULL,'SALES','VTA_PLA_RG5_PU_ARS','One $ 299, $ 399 y $ 499','ALTAS DE PLANES',50),(383,0,'',1,NULL,'2014-08-12 19:59:06',NULL,'2014-08-12 19:59:06',NULL,NULL,'SALES','VTA_PLA_CORP_PU_ARS','Planes Corporativos','ALTAS VARIOS',25),(384,0,'',1,NULL,'2014-08-12 19:59:06',NULL,'2014-08-12 19:59:06',NULL,NULL,'SALES','VTA_PLA_2X1_PU_ARS','Planes Promo 2 x 1 2 linea $169','ALTAS VARIOS',12.5),(385,0,'',1,NULL,'2014-08-12 19:59:06',NULL,'2014-08-12 19:59:06',NULL,NULL,'SALES','VTA_ACC_BON_PCT','Accesorios','ALTAS VARIOS',20),(386,0,'',1,NULL,'2014-08-12 19:59:06',NULL,'2014-08-12 19:59:06',NULL,NULL,'SALES','VTA_PREP_INT_PU_ARS','Prepago Interno','ALTAS VARIOS',2.5),(387,0,'',1,NULL,'2014-08-12 19:59:06',NULL,'2014-08-12 19:59:06',NULL,NULL,'SALES','VTA_TERR_PU_ARS','Operaciones venta Terreno','ALTAS VARIOS',5),(388,0,'',1,NULL,'2014-08-12 19:59:06',NULL,'2014-08-12 19:59:06',NULL,NULL,'SALES','VTA_CALL_PU_ARS','Operaciones venta Call Center','ALTAS VARIOS',5),(389,0,'',1,NULL,'2014-08-12 19:59:06',NULL,'2014-08-12 19:59:06',10,NULL,'SALES','VTA_ITAU_RG1_PU_ARS','Tarjeta de crdito banco Ita (hasta [MAX] tarjetas)','TARJETA ITAU',25),(390,0,'',1,NULL,'2014-08-12 19:59:06',NULL,'2014-08-12 19:59:06',20,11,'SALES','VTA_ITAU_RG2_PU_ARS','Tarjeta de crdito banco Ita (hasta [MAX] tarjetas)','TARJETA ITAU',35),(391,0,'',1,NULL,'2014-08-12 19:59:06',NULL,'2014-08-12 19:59:06',NULL,21,'SALES','VTA_ITAU_RG3_PU_ARS','Tarjeta de crdito banco Ita (desde [MIN] tarjetas)','TARJETA ITAU',45),(392,0,'',1,NULL,'2014-08-12 19:59:06',NULL,'2014-08-12 19:59:06',NULL,NULL,'SALES','VTA_PORT_PU_ARS','Portabilidades','ALTAS VARIOS',15),(393,0,'',1,NULL,'2014-08-12 19:59:06',NULL,'2014-08-12 19:59:06',NULL,NULL,'SALES','VTA_CASIMREPRO_PU_ARS','Casim /Repros ($ 50)','ALTAS VARIOS',10),(394,0,'',1,NULL,'2014-08-12 19:59:06',NULL,'2014-08-12 19:59:06',NULL,100,'INDIVIDUAL_INCENTIVE','QIND_LEC_PU_ARS','INCENTIVO LEC AL [MIN]% DEL CUMPLIMIENTO DEL Q','Q VENDEDOR',5),(395,0,'',1,NULL,'2014-08-12 19:59:06',NULL,'2014-08-12 19:59:06',NULL,100,'INDIVIDUAL_INCENTIVE','QIND_ALTAS_VOZ_PU_ARS','INCENTIVO ALTAS DE VOZ AL [MIN]% DEL CUMPLIMIENTO DEL Q','Q VENDEDOR',6),(396,0,'',1,NULL,'2014-08-12 19:59:06',NULL,'2014-08-12 19:59:06',NULL,100,'INDIVIDUAL_INCENTIVE','QVTA_ALTAS_VOZ_PU_ARS','INCENTIVO ALTAS DE VOZ AL [MIN]% DEL CUMPLIMIENTO DEL Q (Si se alcanza el Q del PdV)','Q VENDEDOR',10),(397,0,'',1,NULL,'2014-08-12 19:59:06',NULL,'2014-08-12 19:59:06',NULL,NULL,'DEDUCTIONS','BAJAS_IM_PU_ARS','Bajas IM','BAJAS',-20),(398,0,'',1,NULL,'2014-08-12 19:59:06',NULL,'2014-08-12 19:59:06',NULL,NULL,'DEDUCTIONS','BAJAS_LEC_PU_ARS','Bajas LEC','BAJAS',-10),(399,0,'',1,NULL,'2014-08-12 19:59:06',NULL,'2014-08-12 19:59:06',NULL,NULL,'DEDUCTIONS','BAJA_PLAN_PU_ARS','Bajas planes exerno/interno','BAJAS',-10),(400,0,'',1,NULL,'2014-08-12 19:59:06',NULL,'2014-08-12 19:59:06',NULL,NULL,'DEDUCTIONS','BAJA_CPLANFULL_PU_ARS','Bajas CDP a Planes Full','BAJAS',-15),(401,0,'',1,NULL,'2014-08-12 19:59:06',NULL,'2014-08-12 19:59:06',NULL,NULL,'DEDUCTIONS','BAJA_RECLAMOS_PU_ARS','Observaciones (Reclamos)','BAJAS',-25),(402,0,'',1,NULL,'2014-08-12 19:59:06',NULL,'2014-08-12 19:59:06',NULL,NULL,'DEDUCTIONS','BAJA_FRAUDES','Dbitos por fraudes','BAJAS',-25),(403,0,'',1,NULL,'2014-08-12 19:59:06',NULL,'2014-08-12 19:59:06',NULL,NULL,'DEDUCTIONS','BAJA_DIF_PRECIOS','Diferencias de precios','BAJAS',NULL),(404,0,'',1,NULL,'2014-08-12 19:59:06',NULL,'2014-08-12 19:59:06',NULL,NULL,'OTHERS','SUELDO_NETO','Sueldo Neto cobrado','OTROS',NULL),(405,1,'',1,NULL,'2014-08-12 19:59:06',NULL,'2014-08-12 21:17:53',NULL,NULL,'FIXED','ROUND','Redondeo','AJUSTES',NULL);
/*!40000 ALTER TABLE `parameter` ENABLE KEYS */;
UNLOCK TABLES;
/*!40103 SET TIME_ZONE=@OLD_TIME_ZONE */;

/*!40101 SET SQL_MODE=@OLD_SQL_MODE */;
/*!40014 SET FOREIGN_KEY_CHECKS=@OLD_FOREIGN_KEY_CHECKS */;
/*!40014 SET UNIQUE_CHECKS=@OLD_UNIQUE_CHECKS */;
/*!40101 SET CHARACTER_SET_CLIENT=@OLD_CHARACTER_SET_CLIENT */;
/*!40101 SET CHARACTER_SET_RESULTS=@OLD_CHARACTER_SET_RESULTS */;
/*!40101 SET COLLATION_CONNECTION=@OLD_COLLATION_CONNECTION */;
/*!40111 SET SQL_NOTES=@OLD_SQL_NOTES */;

-- Dump completed on 2014-08-12 21:36:09
